"Economy","Code","Region.x","Income group","Lending category","Other (EMU or HIPC)","countrycode_en","countrycode_wb","Data Received","Region.y","State Party of IHR","Total Average","C.1","C.2","C.3","C.4","C.5","C.6","C.7","C.8","C.9","C.10","C.11","C.12","C.13","C.14","C.15"
"Aruba","ABW","Latin America & Caribbean","High income",NA,NA,"Aruba","ABW",NA,NA,NA,NA,NA,NA,NA,NA,NA,NA,NA,NA,NA,NA,NA,NA,NA,NA,NA
"Afghanistan","AFG","South Asia","Low income","IDA","HIPC","Afghanistan","AFG","Yes","EMRO","Afghanistan","40","20","60","40","44","80","30","53","60","47","40","27","60","20","20","0"
"Angola","AGO","Sub-Saharan Africa","Lower middle income","IBRD",NA,"Angola","AGO","Yes","AFRO","Angola","58","40","93","70","68","80","80","53","87","40","73","27","60","20","40","40"
"Albania","ALB","Europe & Central Asia","Upper middle income","IBRD",NA,"Albania","ALB","Yes","EURO","Albania","91","100","100","100","84","100","90","93","93","80","87","93","100","100","60","80"
"Andorra","AND","Europe & Central Asia","High income",NA,NA,"Andorra","AND","No","EURO","Andorra",NA,NA,NA,NA,NA,NA,NA,NA,NA,NA,NA,NA,NA,NA,NA,NA
"United Arab Emirates","ARE","Middle East & North Africa","High income",NA,NA,"United Arab Emirates","ARE","Yes","EMRO","United Arab Emirates","96","100","100","100","100","100","80","100","100","100","100","100","80","80","100","100"
"Argentina","ARG","Latin America & Caribbean","Upper middle income","IBRD",NA,"Argentina","ARG","Yes","AMRO","Argentina","67","70","53","80","72","80","50","47","67","60","67","73","80","80","60","60"
"Armenia","ARM","Europe & Central Asia","Upper middle income","IBRD",NA,"Armenia","ARM","Yes","EURO","Armenia","84","60","100","70","80","100","80","73","80","100","80","80","100","60","100","100"
"American Samoa","ASM","East Asia & Pacific","Upper middle income",NA,NA,"American Samoa","ASM",NA,NA,NA,NA,NA,NA,NA,NA,NA,NA,NA,NA,NA,NA,NA,NA,NA,NA,NA
"Antigua and Barbuda","ATG","Latin America & Caribbean","High income","IBRD",NA,"Antigua & Barbuda","ATG","Yes","AMRO","Antigua and Barbuda","54","30","47","50","68","90","50","60","67","47","33","73","60","80","20","40"
"Australia","AUS","East Asia & Pacific","High income",NA,NA,"Australia","AUS","Yes","WPRO","Australia","89","100","93","80","100","100","80","80","100","100","87","100","60","100","100","60"
"Austria","AUT","Europe & Central Asia","High income",NA,"EMU","Austria","AUT","Yes","EURO","Austria","69","40","67","40","64","100","60","53","73","87","60","27","100","80","80","100"
"Azerbaijan","AZE","Europe & Central Asia","Upper middle income","IBRD",NA,"Azerbaijan","AZE","Yes","EURO","Azerbaijan","81","80","73","100","80","100","50","87","80","40","100","80","100","80","80","80"
"Burundi","BDI","Sub-Saharan Africa","Low income","IDA","HIPC","Burundi","BDI","Yes","AFRO","Burundi","42","30","27","40","64","80","30","47","60","53","73","27","40","20","20","20"
"Belgium","BEL","Europe & Central Asia","High income",NA,"EMU","Belgium","BEL","Yes","EURO","Belgium","63","20","27","60","68","80","50","60","80","87","93","93","20","20","100","80"
"Benin","BEN","Sub-Saharan Africa","Lower middle income","IDA","HIPC","Benin","BEN","Yes","AFRO","Benin","41","20","40","50","44","70","50","60","47","33","53","7","60","40","20","20"
"Burkina Faso","BFA","Sub-Saharan Africa","Low income","IDA","HIPC","Burkina Faso","BFA","Yes","AFRO","Burkina Faso","57","50","60","60","72","80","60","73","60","67","73","20","80","40","20","40"
"Bangladesh","BGD","South Asia","Lower middle income","IDA",NA,"Bangladesh","BGD","Yes","SEARO","Bangladesh","68","60","80","70","80","80","50","73","80","53","67","60","80","60","60","60"
"Bulgaria","BGR","Europe & Central Asia","Upper middle income","IBRD",NA,"Bulgaria","BGR","Yes","EURO","Bulgaria","72","80","60","70","84","90","50","67","73","73","60","60","80","80","60","100"
"Bahrain","BHR","Middle East & North Africa","High income",NA,NA,"Bahrain","BHR","Yes","EMRO","Bahrain","84","100","73","100","96","100","70","87","100","87","80","100","80","80","40","60"
"Bahamas, The","BHS","Latin America & Caribbean","High income",NA,NA,"Bahamas","BHS","Yes","AMRO","Bahamas","56","20","80","50","84","90","50","73","73","20","60","80","20","80","40","20"
"Bosnia and Herzegovina","BIH","Europe & Central Asia","Upper middle income","IBRD",NA,"Bosnia & Herzegovina","BIH","Yes","EURO","Bosnia and Herzegovina","36","30","40","50","44","40","20","60","53","27","33","7","20","40","40","40"
"Belarus","BLR","Europe & Central Asia","Upper middle income","IBRD",NA,"Belarus","BLR","Yes","EURO","Belarus","95","60","100","100","100","100","100","100","100","80","100","100","80","100","100","100"
"Belize","BLZ","Latin America & Caribbean","Upper middle income","IBRD",NA,"Belize","BLZ","Yes","AMRO","Belize","46","20","33","40","52","60","30","73","40","80","20","60","20","80","40","40"
"Bermuda","BMU","North America","High income",NA,NA,"Bermuda","BMU",NA,NA,NA,NA,NA,NA,NA,NA,NA,NA,NA,NA,NA,NA,NA,NA,NA,NA,NA
"Bolivia","BOL","Latin America & Caribbean","Lower middle income","IBRD","HIPC","Bolivia","BOL","Yes","AMRO","Bolivia (Plurinational State of)","70","40","60","70","88","80","70","80","87","40","60","53","80","80","80","80"
"Brazil","BRA","Latin America & Caribbean","Upper middle income","IBRD",NA,"Brazil","BRA","Yes","AMRO","Brazil","69","50","80","80","80","80","50","87","47","80","80","67","20","100","60","80"
"Barbados","BRB","Latin America & Caribbean","High income",NA,NA,"Barbados","BRB","Yes","AMRO","Barbados","70","70","80","70","52","100","70","80","87","67","73","80","60","80","40","40"
"Brunei Darussalam","BRN","East Asia & Pacific","High income",NA,NA,"Brunei","BRN","No","WPRO","Brunei Darussalam",NA,NA,NA,NA,NA,NA,NA,NA,NA,NA,NA,NA,NA,NA,NA,NA
"Bhutan","BTN","South Asia","Lower middle income","IDA",NA,"Bhutan","BTN","Yes","SEARO","Bhutan","63","40","53","60","80","100","80","73","73","60","67","80","80","60","20","20"
"Botswana","BWA","Sub-Saharan Africa","Upper middle income","IBRD",NA,"Botswana","BWA","Yes","AFRO","Botswana","42","40","27","30","64","80","30","27","67","33","20","53","20","40","20","80"
"Central African Republic","CAF","Sub-Saharan Africa","Low income","IDA","HIPC","Central African Republic","CAF","Yes","AFRO","Central African Republic","34","20","20","30","28","60","40","27","40","20","47","20","60","40","20","40"
"Canada","CAN","North America","High income",NA,NA,"Canada","CAN","Yes","AMRO","Canada","96","70","100","100","100","100","80","93","100","100","100","100","100","100","100","100"
"Switzerland","CHE","Europe & Central Asia","High income",NA,NA,"Switzerland","CHE","Yes","EURO","Switzerland","92","100","100","100","100","80","80","80","87","87","100","100","80","80","100","100"
"Channel Islands","CHI","Europe & Central Asia","High income",NA,NA,"Channel Islands","CHI",NA,NA,NA,NA,NA,NA,NA,NA,NA,NA,NA,NA,NA,NA,NA,NA,NA,NA,NA
"Chile","CHL","Latin America & Caribbean","High income","IBRD",NA,"Chile","CHL","Yes","AMRO","Chile","78","60","80","80","80","80","100","87","80","100","87","80","60","40","80","80"
"China","CHN","East Asia & Pacific","Upper middle income","IBRD",NA,"China","CHN","Yes","WPRO","China","93","90","93","90","88","90","100","100","100","100","67","93","100","80","100","100"
"Côte d’Ivoire","CIV","Sub-Saharan Africa","Lower middle income","IDA","HIPC","Côte d’Ivoire","CIV","Yes","AFRO","Côte d'Ivoire","53","20","40","40","72","70","50","80","73","73","60","60","60","20","40","40"
"Cameroon","CMR","Sub-Saharan Africa","Lower middle income","Blend","HIPC","Cameroon","CMR","Yes","AFRO","Cameroon","40","20","47","40","68","60","30","53","47","27","27","27","80","20","20","40"
"Congo, Dem. Rep.","COD","Sub-Saharan Africa","Low income","IDA","HIPC","Congo - Kinshasa","COD","Yes","AFRO","Democratic Republic of the Congo","48","40","60","50","60","70","40","33","60","40","53","47","60","40","20","40"
"Congo, Rep.","COG","Sub-Saharan Africa","Lower middle income","Blend","HIPC","Congo - Brazzaville","COG","Yes","AFRO","Congo","47","50","33","30","48","70","40","60","60","33","73","33","60","80","20","20"
"Colombia","COL","Latin America & Caribbean","Upper middle income","IBRD",NA,"Colombia","COL","Yes","AMRO","Colombia","73","60","80","50","84","100","40","73","87","73","53","93","80","80","80","60"
"Comoros","COM","Sub-Saharan Africa","Lower middle income","IDA","HIPC","Comoros","COM","Yes","AFRO","Comoros","41","20","40","40","60","60","30","40","67","40","67","33","40","40","20","20"
"Cabo Verde","CPV","Sub-Saharan Africa","Lower middle income","Blend",NA,"Cape Verde","CPV","Yes","AFRO","Cabo Verde","62","80","60","60","68","80","50","67","80","40","80","60","80","80","20","20"
"Costa Rica","CRI","Latin America & Caribbean","Upper middle income","IBRD",NA,"Costa Rica","CRI","Yes","AMRO","Costa Rica","65","20","60","60","80","80","70","53","80","60","60","67","80","80","80","40"
"Cuba","CUB","Latin America & Caribbean","Upper middle income",NA,NA,"Cuba","CUB","Yes","AMRO","Cuba","99","100","100","90","100","100","100","100","100","100","100","100","100","100","100","100"
"Curaçao","CUW","Latin America & Caribbean","High income",NA,NA,"Curaçao","CUW",NA,NA,NA,NA,NA,NA,NA,NA,NA,NA,NA,NA,NA,NA,NA,NA,NA,NA,NA
"Cayman Islands","CYM","Latin America & Caribbean","High income",NA,NA,"Cayman Islands","CYM",NA,NA,NA,NA,NA,NA,NA,NA,NA,NA,NA,NA,NA,NA,NA,NA,NA,NA,NA
"Cyprus","CYP","Europe & Central Asia","High income",NA,"EMU","Cyprus","CYP","Yes","EURO","Cyprus","68","60","80","50","92","90","80","80","87","53","33","80","20","100","40","80"
"Czech Republic","CZE","Europe & Central Asia","High income",NA,NA,"Czechia","CZE","Yes","EURO","Czech Republic","77","50","67","70","96","100","70","87","93","87","60","40","80","80","80","100"
"Germany","DEU","Europe & Central Asia","High income",NA,"EMU","Germany","DEU","Yes","EURO","Germany","87","90","100","100","88","100","80","80","93","93","60","87","100","80","80","80"
"Djibouti","DJI","Middle East & North Africa","Lower middle income","IDA",NA,"Djibouti","DJI","Yes","EMRO","Djibouti","40","30","40","40","52","70","40","27","53","33","40","33","40","60","20","20"
"Dominica","DMA","Latin America & Caribbean","Upper middle income","Blend",NA,"Dominica","DMA","Yes","AMRO","Dominica","61","40","73","50","60","30","60","80","80","60","67","80","80","80","40","40"
"Denmark","DNK","Europe & Central Asia","High income",NA,NA,"Denmark","DNK","Yes","EURO","Denmark","97","100","100","70","100","100","100","87","93","100","100","100","100","100","100","100"
"Dominican Republic","DOM","Latin America & Caribbean","Upper middle income","IBRD",NA,"Dominican Republic","DOM","Yes","AMRO","Dominican Republic","62","50","73","40","60","90","60","60","80","40","73","27","80","80","80","40"
"Algeria","DZA","Middle East & North Africa","Lower middle income","IBRD",NA,"Algeria","DZA","Yes","AFRO","Algeria","72","70","67","90","68","90","80","80","80","60","73","80","80","40","60","60"
"Ecuador","ECU","Latin America & Caribbean","Upper middle income","IBRD",NA,"Ecuador","ECU","Yes","AMRO","Ecuador","60","80","53","30","72","80","50","73","53","27","40","67","60","80","80","60"
"Egypt, Arab Rep.","EGY","Middle East & North Africa","Lower middle income","IBRD",NA,"Egypt","EGY","Yes","EMRO","Egypt","87","90","87","100","80","100","80","93","100","80","73","100","80","80","80","80"
"Eritrea","ERI","Sub-Saharan Africa","Low income","IDA","HIPC","Eritrea","ERI","Yes","AFRO","Eritrea","58","40","67","60","60","80","70","60","87","47","80","60","80","40","20","20"
"Spain","ESP","Europe & Central Asia","High income",NA,"EMU","Spain","ESP","Yes","EURO","Spain","82","60","93","90","92","90","60","80","93","73","73","80","80","80","100","80"
"Estonia","EST","Europe & Central Asia","High income",NA,"EMU","Estonia","EST","Yes","EURO","Estonia","75","60","73","80","72","80","60","93","87","60","93","53","80","80","80","80"
"Ethiopia","ETH","Sub-Saharan Africa","Low income","IDA","HIPC","Ethiopia","ETH","Yes","AFRO","Ethiopia","74","80","73","80","84","80","70","87","67","67","80","67","80","60","80","60"
"Finland","FIN","Europe & Central Asia","High income",NA,"EMU","Finland","FIN","Yes","EURO","Finland","84","90","80","100","92","80","60","53","87","93","87","73","100","100","60","100"
"Fiji","FJI","East Asia & Pacific","Upper middle income","Blend",NA,"Fiji","FJI","Yes","WPRO","Fiji","48","30","27","40","72","80","30","67","60","27","20","87","20","60","20","80"
"France","FRA","Europe & Central Asia","High income",NA,"EMU","France","FRA","Yes","EURO","France","86","70","100","50","92","100","80","100","100","80","100","53","80","80","100","100"
"Faroe Islands","FRO","Europe & Central Asia","High income",NA,NA,"Faroe Islands","FRO",NA,NA,NA,NA,NA,NA,NA,NA,NA,NA,NA,NA,NA,NA,NA,NA,NA,NA,NA
"Micronesia, Fed. Sts.","FSM","East Asia & Pacific","Lower middle income","IDA",NA,"Micronesia (Federated States of)","FSM","Yes","WPRO","Micronesia","53","60","20","60","76","80","20","80","67","53","80","53","20","40","60","20"
"Gabon","GAB","Sub-Saharan Africa","Upper middle income","IBRD",NA,"Gabon","GAB","Yes","AFRO","Gabon","42","20","33","40","48","50","40","60","53","47","20","33","60","20","40","60"
"United Kingdom","GBR","Europe & Central Asia","High income",NA,NA,"United Kingdom","GBR","Yes","EURO","United Kingdom of Great Britain and Northern Ireland","94","80","87","100","100","100","90","100","100","100","93","67","100","100","100","100"
"Georgia","GEO","Europe & Central Asia","Upper middle income","IBRD",NA,"Georgia","GEO","Yes","EURO","Georgia","71","50","80","70","92","100","40","80","93","80","53","47","80","60","100","40"
"Ghana","GHA","Sub-Saharan Africa","Lower middle income","IDA","HIPC","Ghana","GHA","Yes","AFRO","Ghana","52","30","40","40","48","80","40","53","60","47","67","60","60","80","40","40"
"Gibraltar","GIB","Europe & Central Asia","High income",NA,NA,"Gibraltar","GIB",NA,NA,NA,NA,NA,NA,NA,NA,NA,NA,NA,NA,NA,NA,NA,NA,NA,NA,NA
"Guinea","GIN","Sub-Saharan Africa","Low income","IDA","HIPC","Guinea","GIN","Yes","AFRO","Guinea","51","30","53","40","56","80","40","93","60","40","60","53","80","40","20","20"
"Gambia, The","GMB","Sub-Saharan Africa","Low income","IDA","HIPC","Gambia","GMB","Yes","AFRO","Gambia","48","40","47","30","56","80","60","60","67","33","73","60","40","40","20","20"
"Guinea-Bissau","GNB","Sub-Saharan Africa","Low income","IDA","HIPC","Guinea-Bissau","GNB","Yes","AFRO","Guinea-Bissau","40","20","33","20","52","80","40","67","60","33","80","20","20","40","20","20"
"Equatorial Guinea","GNQ","Sub-Saharan Africa","Upper middle income","IBRD",NA,"Equatorial Guinea","GNQ","Yes","AFRO","Equatorial Guinea","43","40","47","40","72","60","30","53","60","53","60","47","20","20","20","20"
"Greece","GRC","Europe & Central Asia","High income",NA,"EMU","Greece","GRC","Yes","EURO","Greece","68","40","53","70","88","80","60","73","93","73","47","27","80","100","60","80"
"Grenada","GRD","Latin America & Caribbean","Upper middle income","Blend",NA,"Grenada","GRD","Yes","AMRO","Grenada","35","30","47","30","48","70","30","33","47","27","40","27","20","40","20","20"
"Greenland","GRL","Europe & Central Asia","High income",NA,NA,"Greenland","GRL",NA,NA,NA,NA,NA,NA,NA,NA,NA,NA,NA,NA,NA,NA,NA,NA,NA,NA,NA
"Guatemala","GTM","Latin America & Caribbean","Upper middle income","IBRD",NA,"Guatemala","GTM","Yes","AMRO","Guatemala","41","50","27","20","44","70","30","67","73","33","47","20","20","20","60","40"
"Guam","GUM","East Asia & Pacific","High income",NA,NA,"Guam","GUM",NA,NA,NA,NA,NA,NA,NA,NA,NA,NA,NA,NA,NA,NA,NA,NA,NA,NA,NA
"Guyana","GUY","Latin America & Caribbean","Upper middle income","IDA","HIPC","Guyana","GUY","Yes","AMRO","Guyana","54","40","47","70","76","60","60","73","80","40","60","40","40","40","40","40"
"Hong Kong SAR, China","HKG","East Asia & Pacific","High income",NA,NA,"Hong Kong SAR China","HKG",NA,NA,NA,NA,NA,NA,NA,NA,NA,NA,NA,NA,NA,NA,NA,NA,NA,NA,NA
"Honduras","HND","Latin America & Caribbean","Lower middle income","IDA","HIPC","Honduras","HND","Yes","AMRO","Honduras","59","50","80","40","80","80","50","60","60","33","47","40","80","80","60","40"
"Croatia","HRV","Europe & Central Asia","High income","IBRD",NA,"Croatia","HRV","Yes","EURO","Croatia","76","30","80","70","80","90","70","73","87","73","80","93","80","80","80","80"
"Haiti","HTI","Latin America & Caribbean","Lower middle income","IDA","HIPC","Haiti","HTI","Yes","AMRO","Haiti","56","40","53","50","96","100","90","80","73","40","60","33","80","40","0","0"
"Hungary","HUN","Europe & Central Asia","High income",NA,NA,"Hungary","HUN","Yes","EURO","Hungary","70","50","73","50","80","80","30","80","73","87","47","47","80","80","100","100"
"Indonesia","IDN","East Asia & Pacific","Lower middle income","IBRD",NA,"Indonesia","IDN","Yes","SEARO","Indonesia","72","70","73","80","72","90","60","87","87","60","80","80","80","60","40","60"
"Isle of Man","IMN","Europe & Central Asia","High income",NA,NA,"Isle of Man","IMN",NA,NA,NA,NA,NA,NA,NA,NA,NA,NA,NA,NA,NA,NA,NA,NA,NA,NA,NA
"India","IND","South Asia","Lower middle income","IBRD",NA,"India","IND","Yes","SEARO","India","85","60","87","100","80","100","100","93","87","53","100","100","80","60","80","100"
"Ireland","IRL","Europe & Central Asia","High income",NA,"EMU","Ireland","IRL","Yes","EURO","Ireland","56","30","47","20","68","80","40","27","87","73","60","47","60","80","60","60"
"Iran, Islamic Rep.","IRN","Middle East & North Africa","Lower middle income","IBRD",NA,"Iran","IRN","Yes","EMRO","Iran (Islamic Republic of)","86","100","93","80","92","90","90","93","93","73","73","87","80","80","100","60"
"Iraq","IRQ","Middle East & North Africa","Upper middle income","IBRD",NA,"Iraq","IRQ","Yes","EMRO","Iraq","66","80","80","70","76","80","50","73","67","47","80","47","80","60","60","40"
"Iceland","ISL","Europe & Central Asia","High income",NA,NA,"Iceland","ISL","Yes","EURO","Iceland","77","60","80","90","80","90","90","73","67","67","73","87","60","80","80","80"
"Israel","ISR","Middle East & North Africa","High income",NA,NA,"Israel","ISR","Yes","EURO","Israel","86","50","80","60","100","100","100","100","87","73","73","100","80","80","100","100"
"Italy","ITA","Europe & Central Asia","High income",NA,"EMU","Italy","ITA","Yes","EURO","Italy","70","30","67","70","88","70","50","73","87","47","60","73","80","100","80","80"
"Jamaica","JAM","Latin America & Caribbean","Upper middle income","IBRD",NA,"Jamaica","JAM","Yes","AMRO","Jamaica","87","90","93","100","92","100","70","93","80","67","87","93","80","100","80","80"
"Jordan","JOR","Middle East & North Africa","Upper middle income","IBRD",NA,"Jordan","JOR","Yes","EMRO","Jordan","60","40","67","40","64","80","50","67","73","53","47","80","80","40","60","60"
"Japan","JPN","East Asia & Pacific","High income",NA,NA,"Japan","JPN","Yes","WPRO","Japan","99","80","100","100","100","100","100","100","100","100","100","100","100","100","100","100"
"Kazakhstan","KAZ","Europe & Central Asia","Upper middle income","IBRD",NA,"Kazakhstan","KAZ","Yes","EURO","Kazakhstan","80","60","73","80","80","100","70","93","100","67","80","100","80","60","80","80"
"Kenya","KEN","Sub-Saharan Africa","Lower middle income","Blend",NA,"Kenya","KEN","Yes","AFRO","Kenya","45","20","33","30","68","80","30","47","47","60","60","20","60","40","40","40"
"Kyrgyz Republic","KGZ","Europe & Central Asia","Lower middle income","IDA",NA,"Kyrgyzstan","KGZ","Yes","EURO","Kyrgyzstan","48","40","40","50","60","80","50","33","47","40","47","60","60","40","40","40"
"Cambodia","KHM","East Asia & Pacific","Lower middle income","IDA",NA,"Cambodia","KHM","Yes","WPRO","Cambodia","60","70","73","50","72","90","60","40","67","53","73","47","60","60","40","40"
"Kiribati","KIR","East Asia & Pacific","Lower middle income","IDA",NA,"Kiribati","KIR","No","WPRO","Kiribati",NA,NA,NA,NA,NA,NA,NA,NA,NA,NA,NA,NA,NA,NA,NA,NA
"St. Kitts and Nevis","KNA","Latin America & Caribbean","High income","IBRD",NA,"St. Kitts & Nevis","KNA","Yes","AMRO","Saint Kitts and Nevis","71","70","80","70","56","80","60","80","87","93","87","87","80","80","40","20"
"Korea, Rep.","KOR","East Asia & Pacific","High income",NA,NA,"South Korea","KOR","Yes","WPRO","Republic of Korea","99","100","87","100","100","100","100","100","100","100","93","100","100","100","100","100"
"Kuwait","KWT","Middle East & North Africa","High income",NA,NA,"Kuwait","KWT","Yes","EMRO","Kuwait","92","70","93","100","84","100","100","80","87","100","100","100","80","80","100","100"
"Lao PDR","LAO","East Asia & Pacific","Lower middle income","IDA",NA,"Laos","LAO","Yes","WPRO","Lao People's Democratic Republic","53","60","80","40","64","80","40","73","60","47","73","40","60","40","20","20"
"Lebanon","LBN","Middle East & North Africa","Lower middle income","IBRD",NA,"Lebanon","LBN","Yes","EMRO","Lebanon","72","80","73","40","84","100","60","67","67","60","80","67","80","40","80","100"
"Liberia","LBR","Sub-Saharan Africa","Low income","IDA","HIPC","Liberia","LBR","Yes","AFRO","Liberia","58","40","73","60","52","80","40","60","67","40","80","80","80","40","40","40"
"Libya","LBY","Middle East & North Africa","Upper middle income","IBRD",NA,"Libya","LBY","Yes","EMRO","Libya","53","30","60","40","60","80","70","67","67","40","47","47","60","60","20","40"
"St. Lucia","LCA","Latin America & Caribbean","Upper middle income","Blend",NA,"St. Lucia","LCA","Yes","AMRO","Saint Lucia","60","60","67","30","68","80","50","80","60","33","53","100","80","80","40","20"
"Liechtenstein","LIE","Europe & Central Asia","High income",NA,NA,"Liechtenstein","LIE","Yes","EURO","Liechtenstein","84","100","100","100","100","90","80","87","93","60","87","0","80","80","100","100"
"Sri Lanka","LKA","South Asia","Lower middle income","IDA",NA,"Sri Lanka","LKA","Yes","SEARO","Sri Lanka","66","40","80","50","52","100","80","87","80","33","80","73","40","60","60","80"
"Lesotho","LSO","Sub-Saharan Africa","Lower middle income","IDA",NA,"Lesotho","LSO","Yes","AFRO","Lesotho","40","20","27","50","56","80","20","53","53","27","47","53","40","40","20","20"
"Lithuania","LTU","Europe & Central Asia","High income",NA,"EMU","Lithuania","LTU","Yes","EURO","Lithuania","85","100","87","80","80","80","60","100","87","67","80","87","80","100","80","100"
"Luxembourg","LUX","Europe & Central Asia","High income",NA,"EMU","Luxembourg","LUX","Yes","EURO","Luxembourg","67","30","40","60","96","60","80","93","73","67","73","67","60","80","60","60"
"Latvia","LVA","Europe & Central Asia","High income",NA,"EMU","Latvia","LVA","Yes","EURO","Latvia","68","50","80","50","84","80","50","87","80","67","53","60","80","80","60","60"
"Macao SAR, China","MAC","East Asia & Pacific","High income",NA,NA,"Macao SAR China","MAC",NA,NA,NA,NA,NA,NA,NA,NA,NA,NA,NA,NA,NA,NA,NA,NA,NA,NA,NA
"St. Martin (French part)","MAF","Latin America & Caribbean","High income",NA,NA,"Saint Martin (French part)","MAF",NA,NA,NA,NA,NA,NA,NA,NA,NA,NA,NA,NA,NA,NA,NA,NA,NA,NA,NA
"Morocco","MAR","Middle East & North Africa","Lower middle income","IBRD",NA,"Morocco","MAR","Yes","EMRO","Morocco","73","50","53","80","84","80","80","80","67","47","80","73","80","80","80","80"
"Monaco","MCO","Europe & Central Asia","High income",NA,NA,"Monaco","MCO","Yes","EURO","Monaco","77","30","67","100","64","90","80","100","93","73","87","87","80","80","40","80"
"Moldova","MDA","Europe & Central Asia","Upper middle income","IBRD",NA,"Moldova","MDA","Yes","EURO","Republic of Moldova","62","60","73","80","68","80","30","60","67","60","67","67","60","80","40","40"
"Madagascar","MDG","Sub-Saharan Africa","Low income","IDA","HIPC","Madagascar","MDG","Yes","AFRO","Madagascar","48","20","53","50","52","80","30","47","67","27","67","53","60","40","40","40"
"Maldives","MDV","South Asia","Upper middle income","IDA",NA,"Maldives","MDV","Yes","SEARO","Maldives","56","50","80","60","80","80","60","80","67","60","60","60","20","40","20","20"
"Mexico","MEX","Latin America & Caribbean","Upper middle income","IBRD",NA,"Mexico","MEX","Yes","AMRO","Mexico","75","40","87","70","96","100","50","87","93","53","80","87","60","80","60","80"
"Marshall Islands","MHL","East Asia & Pacific","Upper middle income","IDA",NA,"Marshall Islands","MHL","No","WPRO","Marshall Islands",NA,NA,NA,NA,NA,NA,NA,NA,NA,NA,NA,NA,NA,NA,NA,NA
"North Macedonia","MKD","Europe & Central Asia","Upper middle income","IBRD",NA,"North Macedonia","MKD","Yes","EURO","North Macedonia","66","60","73","70","68","80","30","87","60","60","67","100","80","80","40","40"
"Mali","MLI","Sub-Saharan Africa","Low income","IDA","HIPC","Mali","MLI","Yes","AFRO","Mali","44","20","40","20","60","80","40","60","47","40","73","7","80","60","20","20"
"Malta","MLT","Middle East & North Africa","High income",NA,"EMU","Malta","MLT","Yes","EURO","Malta","73","70","73","60","84","80","90","53","93","93","87","67","100","80","20","40"
"Myanmar","MMR","East Asia & Pacific","Lower middle income","IDA",NA,"Myanmar (Burma)","MMR","Yes","SEARO","Myanmar","61","30","67","70","64","80","50","67","60","60","80","67","60","60","60","40"
"Montenegro","MNE","Europe & Central Asia","Upper middle income","IBRD",NA,"Montenegro","MNE","Yes","EURO","Montenegro","53","40","53","40","60","80","40","73","67","53","53","40","80","80","20","20"
"Mongolia","MNG","East Asia & Pacific","Lower middle income","IBRD",NA,"Mongolia","MNG","Yes","WPRO","Mongolia","72","90","100","80","76","80","80","80","80","80","80","67","40","20","60","60"
"Northern Mariana Islands","MNP","East Asia & Pacific","High income",NA,NA,"Northern Mariana Islands","MNP",NA,NA,NA,NA,NA,NA,NA,NA,NA,NA,NA,NA,NA,NA,NA,NA,NA,NA,NA
"Mozambique","MOZ","Sub-Saharan Africa","Low income","IDA","HIPC","Mozambique","MOZ","Yes","AFRO","Mozambique","81","90","87","80","80","80","80","80","80","80","80","80","80","80","80","80"
"Mauritania","MRT","Sub-Saharan Africa","Lower middle income","IDA","HIPC","Mauritania","MRT","Yes","AFRO","Mauritania","41","50","60","60","52","50","40","27","40","33","47","20","60","20","20","40"
"Mauritius","MUS","Sub-Saharan Africa","Upper middle income","IBRD",NA,"Mauritius","MUS","Yes","AFRO","Mauritius","46","30","53","70","64","70","50","40","93","47","33","20","40","20","20","40"
"Malawi","MWI","Sub-Saharan Africa","Low income","IDA","HIPC","Malawi","MWI","Yes","AFRO","Malawi","50","40","27","30","68","80","30","73","53","47","80","40","60","40","40","40"
"Malaysia","MYS","East Asia & Pacific","Upper middle income","IBRD",NA,"Malaysia","MYS","Yes","WPRO","Malaysia","89","80","93","80","88","80","100","87","100","87","87","87","100","80","100","80"
"Namibia","NAM","Sub-Saharan Africa","Upper middle income","IBRD",NA,"Namibia","NAM","Yes","AFRO","Namibia","65","20","80","60","76","80","40","67","60","67","93","87","60","60","80","40"
"New Caledonia","NCL","East Asia & Pacific","High income",NA,NA,"New Caledonia","NCL",NA,NA,NA,NA,NA,NA,NA,NA,NA,NA,NA,NA,NA,NA,NA,NA,NA,NA,NA
"Niger","NER","Sub-Saharan Africa","Low income","IDA","HIPC","Niger","NER","Yes","AFRO","Niger","57","40","67","60","56","80","80","73","60","27","60","53","100","20","20","60"
"Nigeria","NGA","Sub-Saharan Africa","Lower middle income","Blend",NA,"Nigeria","NGA","Yes","AFRO","Nigeria","56","20","73","30","60","70","70","73","47","33","80","60","60","60","20","80"
"Nicaragua","NIC","Latin America & Caribbean","Lower middle income","IDA","HIPC","Nicaragua","NIC","Yes","AMRO","Nicaragua","85","90","93","70","72","100","90","100","100","60","100","100","80","80","40","100"
"Netherlands","NLD","Europe & Central Asia","High income",NA,"EMU","Netherlands","NLD","Yes","EURO","Netherlands (Kingdom of the)","82","80","80","90","84","80","60","73","80","87","80","80","80","100","80","100"
"Norway","NOR","Europe & Central Asia","High income",NA,NA,"Norway","NOR","Yes","EURO","Norway","95","100","100","100","92","100","100","100","100","87","100","80","100","100","80","80"
"Nepal","NPL","South Asia","Lower middle income","IDA",NA,"Nepal","NPL","Yes","SEARO","Nepal","47","50","60","70","48","50","30","47","60","53","40","60","60","20","40","20"
"Nauru","NRU","East Asia & Pacific","High income","IBRD",NA,"Nauru","NRU","No","WPRO","Nauru",NA,NA,NA,NA,NA,NA,NA,NA,NA,NA,NA,NA,NA,NA,NA,NA
"New Zealand","NZL","East Asia & Pacific","High income",NA,NA,"New Zealand","NZL","Yes","WPRO","New Zealand","85","100","93","90","80","80","70","87","93","67","100","93","60","80","100","80"
"Oman","OMN","Middle East & North Africa","High income",NA,NA,"Oman","OMN","Yes","EMRO","Oman","80","40","73","70","92","100","50","87","100","93","93","87","80","80","80","80"
"Pakistan","PAK","South Asia","Lower middle income","Blend",NA,"Pakistan","PAK","Yes","EMRO","Pakistan","50","30","33","60","60","80","30","53","53","40","33","40","60","40","40","100"
"Panama","PAN","Latin America & Caribbean","High income","IBRD",NA,"Panama","PAN","Yes","AMRO","Panama","75","50","60","70","96","100","90","87","73","80","80","80","80","80","40","60"
"Peru","PER","Latin America & Caribbean","Upper middle income","IBRD",NA,"Peru","PER","Yes","AMRO","Peru","45","20","33","40","52","80","30","67","33","40","33","33","20","40","60","100"
"Philippines","PHL","East Asia & Pacific","Lower middle income","IBRD",NA,"Philippines","PHL","Yes","WPRO","Philippines","67","60","80","70","56","70","60","60","67","60","87","73","80","60","80","40"
"Palau","PLW","East Asia & Pacific","Upper middle income","IBRD",NA,"Palau","PLW","No","WPRO","Palau",NA,NA,NA,NA,NA,NA,NA,NA,NA,NA,NA,NA,NA,NA,NA,NA
"Papua New Guinea","PNG","East Asia & Pacific","Lower middle income","Blend",NA,"Papua New Guinea","PNG","No","WPRO","Papua New Guinea",NA,NA,NA,NA,NA,NA,NA,NA,NA,NA,NA,NA,NA,NA,NA,NA
"Poland","POL","Europe & Central Asia","High income","IBRD",NA,"Poland","POL","Yes","EURO","Poland","83","90","87","90","84","100","80","93","40","87","53","80","100","100","60","100"
"Puerto Rico","PRI","Latin America & Caribbean","High income",NA,NA,"Puerto Rico","PRI",NA,NA,NA,NA,NA,NA,NA,NA,NA,NA,NA,NA,NA,NA,NA,NA,NA,NA,NA
"Korea, Dem. People's Rep.","PRK","East Asia & Pacific","Low income",NA,NA,"North Korea","PRK","Yes","SEARO","Democratic People's Republic of Korea","76","80","93","80","80","100","80","100","87","80","80","27","80","40","80","60"
"Portugal","PRT","Europe & Central Asia","High income",NA,"EMU","Portugal","PRT","Yes","EURO","Portugal","85","70","93","90","88","80","80","80","93","93","87","100","80","100","100","40"
"Paraguay","PRY","Latin America & Caribbean","Upper middle income","IBRD",NA,"Paraguay","PRY","Yes","AMRO","Paraguay","62","30","53","20","60","100","60","67","73","53","60","80","60","80","80","60"
"West Bank and Gaza","PSE","Middle East & North Africa","Lower middle income",NA,NA,"Palestinian Territories","PSE",NA,NA,NA,NA,NA,NA,NA,NA,NA,NA,NA,NA,NA,NA,NA,NA,NA,NA,NA
"French Polynesia","PYF","East Asia & Pacific","High income",NA,NA,"French Polynesia","PYF",NA,NA,NA,NA,NA,NA,NA,NA,NA,NA,NA,NA,NA,NA,NA,NA,NA,NA,NA
"Qatar","QAT","Middle East & North Africa","High income",NA,NA,"Qatar","QAT","Yes","EMRO","Qatar","94","70","87","100","100","100","100","100","100","87","100","87","100","100","80","100"
"Romania","ROU","Europe & Central Asia","High income","IBRD",NA,"Romania","ROU","Yes","EURO","Romania","64","50","60","60","92","80","60","67","67","80","47","53","40","60","40","100"
"Russian Federation","RUS","Europe & Central Asia","Upper middle income","IBRD",NA,"Russia","RUS","Yes","EURO","Russian Federation","100","100","100","100","100","100","100","100","100","100","100","100","100","100","100","100"
"Rwanda","RWA","Sub-Saharan Africa","Low income","IDA","HIPC","Rwanda","RWA","Yes","AFRO","Rwanda","65","20","60","80","64","80","40","60","53","60","80","53","80","80","80","80"
"Saudi Arabia","SAU","Middle East & North Africa","High income",NA,NA,"Saudi Arabia","SAU","Yes","EMRO","Saudi Arabia","93","100","80","100","88","100","100","100","93","100","80","87","80","100","80","100"
"Sudan","SDN","Sub-Saharan Africa","Low income","IDA","HIPC","Sudan","SDN","Yes","EMRO","Sudan","49","40","73","60","40","80","30","73","40","47","33","53","60","20","40","40"
"Senegal","SEN","Sub-Saharan Africa","Lower middle income","IDA","HIPC","Senegal","SEN","Yes","AFRO","Senegal","52","50","67","50","56","70","40","53","47","33","33","47","60","80","60","40"
"Singapore","SGP","East Asia & Pacific","High income",NA,NA,"Singapore","SGP","Yes","WPRO","Singapore","94","100","100","100","100","100","90","93","100","100","100","100","80","80","80","80"
"Solomon Islands","SLB","East Asia & Pacific","Lower middle income","IDA",NA,"Solomon Islands","SLB","No","WPRO","Solomon Islands",NA,NA,NA,NA,NA,NA,NA,NA,NA,NA,NA,NA,NA,NA,NA,NA
"Sierra Leone","SLE","Sub-Saharan Africa","Low income","IDA","HIPC","Sierra Leone","SLE","Yes","AFRO","Sierra Leone","51","40","67","40","44","80","40","80","47","40","87","47","60","40","20","40"
"El Salvador","SLV","Latin America & Caribbean","Lower middle income","IBRD",NA,"El Salvador","SLV","Yes","AMRO","El Salvador","92","80","93","90","88","100","90","100","100","80","80","100","80","100","100","100"
"San Marino","SMR","Europe & Central Asia","High income",NA,NA,"San Marino","SMR","No","EURO","San Marino",NA,NA,NA,NA,NA,NA,NA,NA,NA,NA,NA,NA,NA,NA,NA,NA
"Somalia","SOM","Sub-Saharan Africa","Low income","IDA","HIPC","Somalia","SOM","Yes","EMRO","Somalia","33","30","53","30","24","80","30","33","47","40","33","20","20","20","20","20"
"Serbia","SRB","Europe & Central Asia","Upper middle income","IBRD",NA,"Serbia","SRB","Yes","EURO","Serbia","68","90","93","90","48","100","50","80","67","67","20","0","80","80","100","60"
"South Sudan","SSD","Sub-Saharan Africa","Low income","IDA",NA,"South Sudan","SSD","Yes","AFRO","South Sudan","40","30","47","30","56","90","30","40","60","27","60","27","40","20","20","20"
"São Tomé and Príncipe","STP","Sub-Saharan Africa","Lower middle income","IDA","HIPC","São Tomé & Príncipe","STP","Yes","AFRO","Sao Tome and Principe","38","40","53","40","32","70","30","33","53","40","27","33","40","40","20","20"
"Suriname","SUR","Latin America & Caribbean","Upper middle income","IBRD",NA,"Suriname","SUR","Yes","AMRO","Suriname","46","60","40","50","76","70","60","60","67","73","33","20","20","20","20","20"
"Slovak Republic","SVK","Europe & Central Asia","High income",NA,"EMU","Slovakia","SVK","Yes","EURO","Slovakia","65","80","60","60","92","90","80","20","67","53","20","40","80","80","60","100"
"Slovenia","SVN","Europe & Central Asia","High income",NA,"EMU","Slovenia","SVN","Yes","EURO","Slovenia","80","60","67","70","92","80","70","67","93","93","73","93","80","100","80","80"
"Sweden","SWE","Europe & Central Asia","High income",NA,NA,"Sweden","SWE","Yes","EURO","Sweden","88","90","87","100","88","80","80","80","87","80","80","93","100","80","100","100"
"Eswatini","SWZ","Sub-Saharan Africa","Lower middle income","IBRD",NA,"Eswatini","SWZ","Yes","AFRO","Eswatini","44","30","20","40","64","70","30","40","73","27","73","53","40","40","40","20"
"Sint Maarten (Dutch part)","SXM","Latin America & Caribbean","High income",NA,NA,"Sint Maarten","SXM",NA,NA,NA,NA,NA,NA,NA,NA,NA,NA,NA,NA,NA,NA,NA,NA,NA,NA,NA
"Seychelles","SYC","Sub-Saharan Africa","High income","IBRD",NA,"Seychelles","SYC","Yes","AFRO","Seychelles","52","40","40","70","60","80","30","53","80","67","47","67","20","80","20","20"
"Syrian Arab Republic","SYR","Middle East & North Africa","Low income","IDA",NA,"Syria","SYR","Yes","EMRO","Syrian Arab Republic","58","60","53","60","52","50","40","53","60","53","60","87","60","60","60","60"
"Turks and Caicos Islands","TCA","Latin America & Caribbean","High income",NA,NA,"Turks & Caicos Islands","TCA",NA,NA,NA,NA,NA,NA,NA,NA,NA,NA,NA,NA,NA,NA,NA,NA,NA,NA,NA
"Chad","TCD","Sub-Saharan Africa","Low income","IDA","HIPC","Chad","TCD","Yes","AFRO","Chad","40","40","40","40","64","70","40","40","40","53","33","20","20","40","20","40"
"Togo","TGO","Sub-Saharan Africa","Low income","IDA","HIPC","Togo","TGO","Yes","AFRO","Togo","49","30","27","40","56","80","70","80","73","53","47","60","40","40","20","20"
"Thailand","THA","East Asia & Pacific","Upper middle income","IBRD",NA,"Thailand","THA","Yes","SEARO","Thailand","87","90","87","80","84","100","80","100","87","80","93","80","80","80","100","80"
"Tajikistan","TJK","Europe & Central Asia","Lower middle income","IDA",NA,"Tajikistan","TJK","Yes","EURO","Tajikistan","63","20","73","30","72","80","80","53","80","73","67","73","80","40","40","80"
"Turkmenistan","TKM","Europe & Central Asia","Upper middle income","IBRD",NA,"Turkmenistan","TKM","Yes","EURO","Turkmenistan","81","70","93","90","96","80","80","80","80","80","80","100","80","80","60","60"
"Timor-Leste","TLS","East Asia & Pacific","Lower middle income","Blend",NA,"Timor-Leste","TLS","Yes","SEARO","Timor-Leste","68","80","80","80","80","90","70","73","73","60","80","60","80","60","40","20"
"Tonga","TON","East Asia & Pacific","Upper middle income","IDA",NA,"Tonga","TON","Yes","WPRO","Tonga","70","60","80","80","76","80","70","73","73","73","80","80","20","80","40","80"
"Trinidad and Tobago","TTO","Latin America & Caribbean","High income","IBRD",NA,"Trinidad & Tobago","TTO","Yes","AMRO","Trinidad and Tobago","65","60","73","40","72","80","60","73","73","60","80","80","80","80","40","20"
"Tunisia","TUN","Middle East & North Africa","Lower middle income","IBRD",NA,"Tunisia","TUN","Yes","EMRO","Tunisia","74","50","80","70","92","100","50","73","93","53","33","73","100","80","80","80"
"Türkiye","TUR","Europe & Central Asia","Upper middle income","IBRD",NA,"Turkey","TUR","Yes","EURO","Türkiye","77","60","73","80","84","100","90","73","93","80","60","100","60","20","80","100"
"Tuvalu","TUV","East Asia & Pacific","Upper middle income","IDA",NA,"Tuvalu","TUV","No","WPRO","Tuvalu",NA,NA,NA,NA,NA,NA,NA,NA,NA,NA,NA,NA,NA,NA,NA,NA
"Taiwan, China","TWN","East Asia & Pacific","High income",NA,NA,"Taiwan","TWN",NA,NA,NA,NA,NA,NA,NA,NA,NA,NA,NA,NA,NA,NA,NA,NA,NA,NA,NA
"Tanzania","TZA","Sub-Saharan Africa","Lower middle income","IDA","HIPC","Tanzania","TZA","Yes","AFRO","United Republic of Tanzania","58","30","53","40","64","100","30","73","47","73","60","67","60","80","60","40"
"Uganda","UGA","Sub-Saharan Africa","Low income","IDA","HIPC","Uganda","UGA","Yes","AFRO","Uganda","65","80","73","60","76","70","80","80","73","20","80","60","60","40","60","60"
"Ukraine","UKR","Europe & Central Asia","Lower middle income","IBRD",NA,"Ukraine","UKR","Yes","EURO","Ukraine","69","80","60","80","80","80","60","73","93","47","73","27","40","80","80","80"
"Uruguay","URY","Latin America & Caribbean","High income","IBRD",NA,"Uruguay","URY","Yes","AMRO","Uruguay","70","70","67","80","64","90","60","80","73","73","100","80","80","40","60","40"
"United States","USA","North America","High income",NA,NA,"United States","USA","Yes","AMRO","United States of America","91","80","93","100","92","100","80","100","93","100","87","93","80","100","80","80"
"Uzbekistan","UZB","Europe & Central Asia","Lower middle income","Blend",NA,"Uzbekistan","UZB","Yes","EURO","Uzbekistan","70","70","73","70","72","80","70","80","93","73","73","33","60","60","60","80"
"St. Vincent and the Grenadines","VCT","Latin America & Caribbean","Upper middle income","Blend",NA,"St. Vincent & Grenadines","VCT","Yes","AMRO","Saint Vincent and the Grenadines","59","30","47","90","76","80","40","100","60","53","80","33","80","40","40","40"
"Venezuela, RB","VEN","Latin America & Caribbean",NA,"IBRD",NA,"Venezuela","VEN","Yes","AMRO","Venezuela (Bolivarian Republic of)","77","90","80","40","76","80","40","80","87","80","73","93","80","80","80","100"
"British Virgin Islands","VGB","Latin America & Caribbean","High income",NA,NA,"British Virgin Islands","VGB",NA,NA,NA,NA,NA,NA,NA,NA,NA,NA,NA,NA,NA,NA,NA,NA,NA,NA,NA
"Virgin Islands (U.S.)","VIR","Latin America & Caribbean","High income",NA,NA,"U.S. Virgin Islands","VIR",NA,NA,NA,NA,NA,NA,NA,NA,NA,NA,NA,NA,NA,NA,NA,NA,NA,NA,NA
"Vietnam","VNM","East Asia & Pacific","Lower middle income","IBRD",NA,"Vietnam","VNM","Yes","WPRO","Viet Nam","52","50","60","60","60","60","60","47","53","53","60","40","20","40","60","60"
"Vanuatu","VUT","East Asia & Pacific","Lower middle income","IDA",NA,"Vanuatu","VUT","Yes","WPRO","Vanuatu","54","40","27","60","84","90","50","93","40","33","80","60","60","60","20","20"
"Samoa","WSM","East Asia & Pacific","Lower middle income","IDA",NA,"Samoa","WSM","Yes","WPRO","Samoa","55","100","40","20","64","100","50","73","73","47","80","100","20","40","20","0"
"Kosovo","XKX","Europe & Central Asia","Upper middle income","IDA",NA,"Kosovo","XKX",NA,NA,NA,NA,NA,NA,NA,NA,NA,NA,NA,NA,NA,NA,NA,NA,NA,NA,NA
"Yemen, Rep.","YEM","Middle East & North Africa","Low income","IDA",NA,"Yemen","YEM","Yes","EMRO","Yemen","40","50","33","60","52","60","40","40","60","40","33","27","40","20","20","20"
"South Africa","ZAF","Sub-Saharan Africa","Upper middle income","IBRD",NA,"South Africa","ZAF","Yes","AFRO","South Africa","73","20","40","100","92","60","40","73","93","73","100","60","80","80","80","100"
"Zambia","ZMB","Sub-Saharan Africa","Low income","IDA","HIPC","Zambia","ZMB","Yes","AFRO","Zambia","59","60","60","50","64","70","30","73","80","60","80","60","60","80","20","40"
"Zimbabwe","ZWE","Sub-Saharan Africa","Lower middle income","Blend",NA,"Zimbabwe","ZWE","Yes","AFRO","Zimbabwe","67","60","73","50","80","80","70","67","67","67","87","60","80","80","40","40"
NA,NA,NA,NA,NA,NA,NA,"COK","Yes","WPRO","Cook Islands","71","60","73","80","68","100","80","87","100","80","100","80","20","60","20","60"
NA,NA,NA,NA,NA,NA,NA,"NIU","Yes","WPRO","Niue","69","70","67","80","84","100","80","60","87","80","93","80","80","20","40","20"
NA,NA,NA,NA,NA,NA,NA,"VAT","No","EURO","Holy See",NA,NA,NA,NA,NA,NA,NA,NA,NA,NA,NA,NA,NA,NA,NA,NA
