"Economy","Code","Region","Income group","Lending category","Other (EMU or HIPC)","countrycode_en","countrycode_wb","Recipient name","PHEIC name","Total disbursed to recipient","iso3"
"Aruba","ABW","Latin America & Caribbean","High income",NA,NA,"Aruba","ABW","Aruba","2019-2022 COVID-19 Pandemic",63228279.7380095,"ABW"
"Afghanistan","AFG","South Asia","Low income","IDA","HIPC","Afghanistan","AFG","Afghanistan","2014-2022 Poliovirus",449545152.792541,"AFG"
"Afghanistan","AFG","South Asia","Low income","IDA","HIPC","Afghanistan","AFG","Afghanistan","2019-2022 COVID-19 Pandemic",358911311.282162,"AFG"
"Angola","AGO","Sub-Saharan Africa","Lower middle income","IBRD",NA,"Angola","AGO","Angola","2014-2022 Poliovirus",37211632.4528171,"AGO"
"Angola","AGO","Sub-Saharan Africa","Lower middle income","IBRD",NA,"Angola","AGO","Angola","2019-2022 COVID-19 Pandemic",198620740.519902,"AGO"
"Albania","ALB","Europe & Central Asia","Upper middle income","IBRD",NA,"Albania","ALB","Albania","2019-2022 COVID-19 Pandemic",95504176.5391157,"ALB"
"Andorra","AND","Europe & Central Asia","High income",NA,NA,"Andorra","AND",NA,NA,NA,NA
"United Arab Emirates","ARE","Middle East & North Africa","High income",NA,NA,"United Arab Emirates","ARE",NA,NA,NA,NA
"Argentina","ARG","Latin America & Caribbean","Upper middle income","IBRD",NA,"Argentina","ARG","Argentina","2014-2022 Poliovirus",5999.09999999999,"ARG"
"Argentina","ARG","Latin America & Caribbean","Upper middle income","IBRD",NA,"Argentina","ARG","Argentina","2019-2022 COVID-19 Pandemic",845961211.989841,"ARG"
"Armenia","ARM","Europe & Central Asia","Upper middle income","IBRD",NA,"Armenia","ARM","Armenia","2014-2022 Poliovirus",499013.46,"ARM"
"Armenia","ARM","Europe & Central Asia","Upper middle income","IBRD",NA,"Armenia","ARM","Armenia","2019-2022 COVID-19 Pandemic",30869458.2505749,"ARM"
"American Samoa","ASM","East Asia & Pacific","Upper middle income",NA,NA,"American Samoa","ASM","American Samoa","2019-2022 COVID-19 Pandemic",923498.42,"ASM"
"Antigua and Barbuda","ATG","Latin America & Caribbean","High income","IBRD",NA,"Antigua & Barbuda","ATG",NA,NA,NA,NA
"Australia","AUS","East Asia & Pacific","High income",NA,NA,"Australia","AUS",NA,NA,NA,NA
"Austria","AUT","Europe & Central Asia","High income",NA,"EMU","Austria","AUT",NA,NA,NA,NA
"Azerbaijan","AZE","Europe & Central Asia","Upper middle income","IBRD",NA,"Azerbaijan","AZE","Azerbaijan","2014-2022 Poliovirus",2925647.96,"AZE"
"Azerbaijan","AZE","Europe & Central Asia","Upper middle income","IBRD",NA,"Azerbaijan","AZE","Azerbaijan","2019-2022 COVID-19 Pandemic",255832690.112208,"AZE"
"Burundi","BDI","Sub-Saharan Africa","Low income","IDA","HIPC","Burundi","BDI","Burundi","2014-2022 Poliovirus",9378531.25,"BDI"
"Burundi","BDI","Sub-Saharan Africa","Low income","IDA","HIPC","Burundi","BDI","Burundi","2019-2022 COVID-19 Pandemic",18694146.4768113,"BDI"
"Belgium","BEL","Europe & Central Asia","High income",NA,"EMU","Belgium","BEL",NA,NA,NA,NA
"Benin","BEN","Sub-Saharan Africa","Lower middle income","IDA","HIPC","Benin","BEN","Benin","2014-2016 Ebola in West Africa",1843013.53862175,"BEN"
"Benin","BEN","Sub-Saharan Africa","Lower middle income","IDA","HIPC","Benin","BEN","Benin","2014-2022 Poliovirus",10145988.94,"BEN"
"Benin","BEN","Sub-Saharan Africa","Lower middle income","IDA","HIPC","Benin","BEN","Benin","2019-2022 COVID-19 Pandemic",75471138.6250293,"BEN"
"Burkina Faso","BFA","Sub-Saharan Africa","Low income","IDA","HIPC","Burkina Faso","BFA","Burkina Faso","2014-2016 Ebola in West Africa",4189721.58250706,"BFA"
"Burkina Faso","BFA","Sub-Saharan Africa","Low income","IDA","HIPC","Burkina Faso","BFA","Burkina Faso","2014-2022 Poliovirus",25168703.38,"BFA"
"Burkina Faso","BFA","Sub-Saharan Africa","Low income","IDA","HIPC","Burkina Faso","BFA","Burkina Faso","2019-2022 COVID-19 Pandemic",207918452.366915,"BFA"
"Bangladesh","BGD","South Asia","Lower middle income","IDA",NA,"Bangladesh","BGD","Bangladesh","2014-2022 Poliovirus",38136613.17,"BGD"
"Bangladesh","BGD","South Asia","Lower middle income","IDA",NA,"Bangladesh","BGD","Bangladesh","2019-2022 COVID-19 Pandemic",1045097020.8241,"BGD"
"Bulgaria","BGR","Europe & Central Asia","Upper middle income","IBRD",NA,"Bulgaria","BGR","Bulgaria","2019-2022 COVID-19 Pandemic",2620,"BGR"
"Bahrain","BHR","Middle East & North Africa","High income",NA,NA,"Bahrain","BHR",NA,NA,NA,NA
"Bahamas, The","BHS","Latin America & Caribbean","High income",NA,NA,"Bahamas","BHS","Bahamas","2019-2022 COVID-19 Pandemic",20516175.7,"BHS"
"Bosnia and Herzegovina","BIH","Europe & Central Asia","Upper middle income","IBRD",NA,"Bosnia & Herzegovina","BIH","Bosnia and Herzegovina","2014-2022 Poliovirus",1194.04,"BIH"
"Bosnia and Herzegovina","BIH","Europe & Central Asia","Upper middle income","IBRD",NA,"Bosnia & Herzegovina","BIH","Bosnia and Herzegovina","2019-2022 COVID-19 Pandemic",94600655.0119403,"BIH"
"Belarus","BLR","Europe & Central Asia","Upper middle income","IBRD",NA,"Belarus","BLR","Belarus","2019-2022 COVID-19 Pandemic",107638683.560209,"BLR"
"Belize","BLZ","Latin America & Caribbean","Upper middle income","IBRD",NA,"Belize","BLZ","Belize","2014-2022 Poliovirus",96543.0999999999,"BLZ"
"Belize","BLZ","Latin America & Caribbean","Upper middle income","IBRD",NA,"Belize","BLZ","Belize","2019-2022 COVID-19 Pandemic",14925840.87,"BLZ"
"Bermuda","BMU","North America","High income",NA,NA,"Bermuda","BMU",NA,NA,NA,NA
"Bolivia","BOL","Latin America & Caribbean","Lower middle income","IBRD","HIPC","Bolivia","BOL","Bolivia","2014-2022 Poliovirus",7185044.65,"BOL"
"Bolivia","BOL","Latin America & Caribbean","Lower middle income","IBRD","HIPC","Bolivia","BOL","Bolivia","2015-2016 Zika Virus",12044.1193933649,"BOL"
"Bolivia","BOL","Latin America & Caribbean","Lower middle income","IBRD","HIPC","Bolivia","BOL","Bolivia","2019-2022 COVID-19 Pandemic",88234596.7203735,"BOL"
"Brazil","BRA","Latin America & Caribbean","Upper middle income","IBRD",NA,"Brazil","BRA","Brazil","2015-2016 Zika Virus",106862.250009113,"BRA"
"Brazil","BRA","Latin America & Caribbean","Upper middle income","IBRD",NA,"Brazil","BRA","Brazil","2019-2022 COVID-19 Pandemic",14788681.827689,"BRA"
"Barbados","BRB","Latin America & Caribbean","High income",NA,NA,"Barbados","BRB","Barbados","2019-2022 COVID-19 Pandemic",11705666.8,"BRB"
"Brunei Darussalam","BRN","East Asia & Pacific","High income",NA,NA,"Brunei","BRN",NA,NA,NA,NA
"Bhutan","BTN","South Asia","Lower middle income","IDA",NA,"Bhutan","BTN","Bhutan","2014-2022 Poliovirus",471470.899999999,"BTN"
"Bhutan","BTN","South Asia","Lower middle income","IDA",NA,"Bhutan","BTN","Bhutan","2019-2022 COVID-19 Pandemic",35934275.7445755,"BTN"
"Botswana","BWA","Sub-Saharan Africa","Upper middle income","IBRD",NA,"Botswana","BWA","Botswana","2014-2022 Poliovirus",226823.38,"BWA"
"Botswana","BWA","Sub-Saharan Africa","Upper middle income","IBRD",NA,"Botswana","BWA","Botswana","2019-2022 COVID-19 Pandemic",15532692.8354497,"BWA"
"Central African Republic","CAF","Sub-Saharan Africa","Low income","IDA","HIPC","Central African Republic","CAF","Central African Republic","2014-2016 Ebola in West Africa",2e+06,"CAF"
"Central African Republic","CAF","Sub-Saharan Africa","Low income","IDA","HIPC","Central African Republic","CAF","Central African Republic","2014-2022 Poliovirus",8123395.93999999,"CAF"
"Central African Republic","CAF","Sub-Saharan Africa","Low income","IDA","HIPC","Central African Republic","CAF","Central African Republic","2018-2020 Ebola in DRC",19982431.56,"CAF"
"Central African Republic","CAF","Sub-Saharan Africa","Low income","IDA","HIPC","Central African Republic","CAF","Central African Republic","2019-2022 COVID-19 Pandemic",109402713.933914,"CAF"
"Canada","CAN","North America","High income",NA,NA,"Canada","CAN","Canada","2019-2022 COVID-19 Pandemic",7963,"CAN"
"Switzerland","CHE","Europe & Central Asia","High income",NA,NA,"Switzerland","CHE","Switzerland","2019-2022 COVID-19 Pandemic",402249.375342095,"CHE"
"Channel Islands","CHI","Europe & Central Asia","High income",NA,NA,"Channel Islands","CHI",NA,NA,NA,NA
"Chile","CHL","Latin America & Caribbean","High income","IBRD",NA,"Chile","CHL","Chile","2019-2022 COVID-19 Pandemic",1277368.31602237,"CHL"
"China","CHN","East Asia & Pacific","Upper middle income","IBRD",NA,"China","CHN","China","2014-2022 Poliovirus",1240661.74470588,"CHN"
"China","CHN","East Asia & Pacific","Upper middle income","IBRD",NA,"China","CHN","China","2019-2022 COVID-19 Pandemic",11675764.5966375,"CHN"
"Côte d’Ivoire","CIV","Sub-Saharan Africa","Lower middle income","IDA","HIPC","Côte d’Ivoire","CIV","Cote d'Ivoire","2014-2016 Ebola in West Africa",8649376.92551262,"CIV"
"Côte d’Ivoire","CIV","Sub-Saharan Africa","Lower middle income","IDA","HIPC","Côte d’Ivoire","CIV","Cote d'Ivoire","2014-2022 Poliovirus",19237944.78,"CIV"
"Côte d’Ivoire","CIV","Sub-Saharan Africa","Lower middle income","IDA","HIPC","Côte d’Ivoire","CIV","Cote d'Ivoire","2019-2022 COVID-19 Pandemic",354827737.672179,"CIV"
"Cameroon","CMR","Sub-Saharan Africa","Lower middle income","Blend","HIPC","Cameroon","CMR","Cameroon","2014-2022 Poliovirus",38664681.99,"CMR"
"Cameroon","CMR","Sub-Saharan Africa","Lower middle income","Blend","HIPC","Cameroon","CMR","Cameroon","2019-2022 COVID-19 Pandemic",219268909.106984,"CMR"
"Congo, Dem. Rep.","COD","Sub-Saharan Africa","Low income","IDA","HIPC","Congo - Kinshasa","COD","Democratic Republic of the Congo","2014-2016 Ebola in West Africa",4955375.38,"COD"
"Congo, Dem. Rep.","COD","Sub-Saharan Africa","Low income","IDA","HIPC","Congo - Kinshasa","COD","Democratic Republic of the Congo","2014-2022 Poliovirus",111365998.130624,"COD"
"Congo, Dem. Rep.","COD","Sub-Saharan Africa","Low income","IDA","HIPC","Congo - Kinshasa","COD","Democratic Republic of the Congo","2018-2020 Ebola in DRC",733334013.767427,"COD"
"Congo, Dem. Rep.","COD","Sub-Saharan Africa","Low income","IDA","HIPC","Congo - Kinshasa","COD","Democratic Republic of the Congo","2019-2022 COVID-19 Pandemic",464783768.914672,"COD"
"Congo, Rep.","COG","Sub-Saharan Africa","Lower middle income","Blend","HIPC","Congo - Brazzaville","COG","Congo","2014-2016 Ebola in West Africa",4078.22763891757,"COG"
"Congo, Rep.","COG","Sub-Saharan Africa","Lower middle income","Blend","HIPC","Congo - Brazzaville","COG","Congo","2014-2022 Poliovirus",4640456.40999999,"COG"
"Congo, Rep.","COG","Sub-Saharan Africa","Lower middle income","Blend","HIPC","Congo - Brazzaville","COG","Congo","2018-2020 Ebola in DRC",11144.8409961695,"COG"
"Congo, Rep.","COG","Sub-Saharan Africa","Lower middle income","Blend","HIPC","Congo - Brazzaville","COG","Congo","2019-2022 COVID-19 Pandemic",70289096.6450472,"COG"
"Colombia","COL","Latin America & Caribbean","Upper middle income","IBRD",NA,"Colombia","COL","Colombia","2014-2022 Poliovirus",5806.29999999999,"COL"
"Colombia","COL","Latin America & Caribbean","Upper middle income","IBRD",NA,"Colombia","COL","Colombia","2019-2022 COVID-19 Pandemic",239805005.788922,"COL"
"Comoros","COM","Sub-Saharan Africa","Lower middle income","IDA","HIPC","Comoros","COM","Comoros","2014-2022 Poliovirus",585775.549999999,"COM"
"Comoros","COM","Sub-Saharan Africa","Lower middle income","IDA","HIPC","Comoros","COM","Comoros","2019-2022 COVID-19 Pandemic",36181009.4809495,"COM"
"Cabo Verde","CPV","Sub-Saharan Africa","Lower middle income","Blend",NA,"Cape Verde","CPV","Cabo Verde","2019-2022 COVID-19 Pandemic",47358755.8240505,"CPV"
"Costa Rica","CRI","Latin America & Caribbean","Upper middle income","IBRD",NA,"Costa Rica","CRI","Costa Rica","2019-2022 COVID-19 Pandemic",4345064.17852969,"CRI"
"Cuba","CUB","Latin America & Caribbean","Upper middle income",NA,NA,"Cuba","CUB","Cuba","2014-2022 Poliovirus",1999682.16,"CUB"
"Cuba","CUB","Latin America & Caribbean","Upper middle income",NA,NA,"Cuba","CUB","Cuba","2019-2022 COVID-19 Pandemic",17604951.6715372,"CUB"
"Curaçao","CUW","Latin America & Caribbean","High income",NA,NA,"Curaçao","CUW","CuraÃ§ao","2019-2022 COVID-19 Pandemic",47393992.5160786,"CUW"
"Cayman Islands","CYM","Latin America & Caribbean","High income",NA,NA,"Cayman Islands","CYM",NA,NA,NA,NA
"Cyprus","CYP","Europe & Central Asia","High income",NA,"EMU","Cyprus","CYP","Cyprus","2019-2022 COVID-19 Pandemic",758.849999999999,"CYP"
"Czech Republic","CZE","Europe & Central Asia","High income",NA,NA,"Czechia","CZE",NA,NA,NA,NA
"Germany","DEU","Europe & Central Asia","High income",NA,"EMU","Germany","DEU",NA,NA,NA,NA
"Djibouti","DJI","Middle East & North Africa","Lower middle income","IDA",NA,"Djibouti","DJI","Djibouti","2014-2022 Poliovirus",1128865.64925458,"DJI"
"Djibouti","DJI","Middle East & North Africa","Lower middle income","IDA",NA,"Djibouti","DJI","Djibouti","2019-2022 COVID-19 Pandemic",23005572.5970969,"DJI"
"Dominica","DMA","Latin America & Caribbean","Upper middle income","Blend",NA,"Dominica","DMA","Dominica","2014-2022 Poliovirus",6173.8,"DMA"
"Dominica","DMA","Latin America & Caribbean","Upper middle income","Blend",NA,"Dominica","DMA","Dominica","2019-2022 COVID-19 Pandemic",8334033.63,"DMA"
"Denmark","DNK","Europe & Central Asia","High income",NA,NA,"Denmark","DNK","Denmark","2019-2022 COVID-19 Pandemic",11949.2927056203,"DNK"
"Dominican Republic","DOM","Latin America & Caribbean","Upper middle income","IBRD",NA,"Dominican Republic","DOM","Dominican Republic","2014-2022 Poliovirus",214698.999999999,"DOM"
"Dominican Republic","DOM","Latin America & Caribbean","Upper middle income","IBRD",NA,"Dominican Republic","DOM","Dominican Republic","2019-2022 COVID-19 Pandemic",88004831.5391763,"DOM"
"Algeria","DZA","Middle East & North Africa","Lower middle income","IBRD",NA,"Algeria","DZA","Algeria","2014-2022 Poliovirus",4578,"DZA"
"Algeria","DZA","Middle East & North Africa","Lower middle income","IBRD",NA,"Algeria","DZA","Algeria","2019-2022 COVID-19 Pandemic",155563511.288469,"DZA"
"Ecuador","ECU","Latin America & Caribbean","Upper middle income","IBRD",NA,"Ecuador","ECU","Ecuador","2014-2022 Poliovirus",111143.3,"ECU"
"Ecuador","ECU","Latin America & Caribbean","Upper middle income","IBRD",NA,"Ecuador","ECU","Ecuador","2019-2022 COVID-19 Pandemic",788126127.919673,"ECU"
"Egypt, Arab Rep.","EGY","Middle East & North Africa","Lower middle income","IBRD",NA,"Egypt","EGY","Egypt","2019-2022 COVID-19 Pandemic",471586232.366014,"EGY"
"Eritrea","ERI","Sub-Saharan Africa","Low income","IDA","HIPC","Eritrea","ERI","Eritrea","2014-2022 Poliovirus",2614868.82,"ERI"
"Eritrea","ERI","Sub-Saharan Africa","Low income","IDA","HIPC","Eritrea","ERI","Eritrea","2019-2022 COVID-19 Pandemic",1450581.89366394,"ERI"
"Spain","ESP","Europe & Central Asia","High income",NA,"EMU","Spain","ESP",NA,NA,NA,NA
"Estonia","EST","Europe & Central Asia","High income",NA,"EMU","Estonia","EST",NA,NA,NA,NA
"Ethiopia","ETH","Sub-Saharan Africa","Low income","IDA","HIPC","Ethiopia","ETH","Ethiopia","2014-2022 Poliovirus",98161739.8112729,"ETH"
"Ethiopia","ETH","Sub-Saharan Africa","Low income","IDA","HIPC","Ethiopia","ETH","Ethiopia","2019-2022 COVID-19 Pandemic",842393003.888927,"ETH"
"Finland","FIN","Europe & Central Asia","High income",NA,"EMU","Finland","FIN",NA,NA,NA,NA
"Fiji","FJI","East Asia & Pacific","Upper middle income","Blend",NA,"Fiji","FJI","Fiji","2019-2022 COVID-19 Pandemic",133622060.40267,"FJI"
"France","FRA","Europe & Central Asia","High income",NA,"EMU","France","FRA",NA,NA,NA,NA
"Faroe Islands","FRO","Europe & Central Asia","High income",NA,NA,"Faroe Islands","FRO",NA,NA,NA,NA
"Micronesia, Fed. Sts.","FSM","East Asia & Pacific","Lower middle income","IDA",NA,"Micronesia (Federated States of)","FSM","Federated States of Micronesia","2019-2022 COVID-19 Pandemic",21160878.1243846,"FSM"
"Gabon","GAB","Sub-Saharan Africa","Upper middle income","IBRD",NA,"Gabon","GAB","Gabon","2014-2022 Poliovirus",948913.2,"GAB"
"Gabon","GAB","Sub-Saharan Africa","Upper middle income","IBRD",NA,"Gabon","GAB","Gabon","2019-2022 COVID-19 Pandemic",131864593.237846,"GAB"
"United Kingdom","GBR","Europe & Central Asia","High income",NA,NA,"United Kingdom","GBR","United Kingdom","2014-2016 Ebola in West Africa",654292.398612538,"GBR"
"United Kingdom","GBR","Europe & Central Asia","High income",NA,NA,"United Kingdom","GBR","United Kingdom","2019-2022 COVID-19 Pandemic",11242587.7345195,"GBR"
"Georgia","GEO","Europe & Central Asia","Upper middle income","IBRD",NA,"Georgia","GEO","Georgia","2014-2022 Poliovirus",20000,"GEO"
"Georgia","GEO","Europe & Central Asia","Upper middle income","IBRD",NA,"Georgia","GEO","Georgia","2019-2022 COVID-19 Pandemic",162457393.816913,"GEO"
"Ghana","GHA","Sub-Saharan Africa","Lower middle income","IDA","HIPC","Ghana","GHA","Ghana","2014-2016 Ebola in West Africa",15270468.658575,"GHA"
"Ghana","GHA","Sub-Saharan Africa","Lower middle income","IDA","HIPC","Ghana","GHA","Ghana","2014-2022 Poliovirus",25365340.02,"GHA"
"Ghana","GHA","Sub-Saharan Africa","Lower middle income","IDA","HIPC","Ghana","GHA","Ghana","2019-2022 COVID-19 Pandemic",401734047.522091,"GHA"
"Gibraltar","GIB","Europe & Central Asia","High income",NA,NA,"Gibraltar","GIB",NA,NA,NA,NA
"Guinea","GIN","Sub-Saharan Africa","Low income","IDA","HIPC","Guinea","GIN","Guinea","2014-2016 Ebola in West Africa",227311309.586856,"GIN"
"Guinea","GIN","Sub-Saharan Africa","Low income","IDA","HIPC","Guinea","GIN","Guinea","2014-2022 Poliovirus",7556772.13,"GIN"
"Guinea","GIN","Sub-Saharan Africa","Low income","IDA","HIPC","Guinea","GIN","Guinea","2018-2020 Ebola in DRC",638014.76644695,"GIN"
"Guinea","GIN","Sub-Saharan Africa","Low income","IDA","HIPC","Guinea","GIN","Guinea","2019-2022 COVID-19 Pandemic",118798713.804947,"GIN"
"Gambia, The","GMB","Sub-Saharan Africa","Low income","IDA","HIPC","Gambia","GMB","Gambia","2014-2022 Poliovirus",1690957.66999999,"GMB"
"Gambia, The","GMB","Sub-Saharan Africa","Low income","IDA","HIPC","Gambia","GMB","Gambia","2019-2022 COVID-19 Pandemic",40407822.7865976,"GMB"
"Guinea-Bissau","GNB","Sub-Saharan Africa","Low income","IDA","HIPC","Guinea-Bissau","GNB","Guinea Bissau","2014-2016 Ebola in West Africa",1510338.38617409,"GNB"
"Guinea-Bissau","GNB","Sub-Saharan Africa","Low income","IDA","HIPC","Guinea-Bissau","GNB","Guinea Bissau","2014-2022 Poliovirus",896433.97,"GNB"
"Guinea-Bissau","GNB","Sub-Saharan Africa","Low income","IDA","HIPC","Guinea-Bissau","GNB","Guinea Bissau","2019-2022 COVID-19 Pandemic",25021259.9197193,"GNB"
"Equatorial Guinea","GNQ","Sub-Saharan Africa","Upper middle income","IBRD",NA,"Equatorial Guinea","GNQ","Equatorial Guinea","2014-2022 Poliovirus",318858.9,"GNQ"
"Equatorial Guinea","GNQ","Sub-Saharan Africa","Upper middle income","IBRD",NA,"Equatorial Guinea","GNQ","Equatorial Guinea","2019-2022 COVID-19 Pandemic",1168700.84681791,"GNQ"
"Greece","GRC","Europe & Central Asia","High income",NA,"EMU","Greece","GRC",NA,NA,NA,NA
"Grenada","GRD","Latin America & Caribbean","Upper middle income","Blend",NA,"Grenada","GRD","Grenada","2019-2022 COVID-19 Pandemic",4174987.21788062,"GRD"
"Greenland","GRL","Europe & Central Asia","High income",NA,NA,"Greenland","GRL",NA,NA,NA,NA
"Guatemala","GTM","Latin America & Caribbean","Upper middle income","IBRD",NA,"Guatemala","GTM","Guatemala","2014-2022 Poliovirus",259219.499999999,"GTM"
"Guatemala","GTM","Latin America & Caribbean","Upper middle income","IBRD",NA,"Guatemala","GTM","Guatemala","2019-2022 COVID-19 Pandemic",34731895.6908024,"GTM"
"Guam","GUM","East Asia & Pacific","High income",NA,NA,"Guam","GUM",NA,NA,NA,NA
"Guyana","GUY","Latin America & Caribbean","Upper middle income","IDA","HIPC","Guyana","GUY","Guyana","2014-2022 Poliovirus",407303,"GUY"
"Guyana","GUY","Latin America & Caribbean","Upper middle income","IDA","HIPC","Guyana","GUY","Guyana","2019-2022 COVID-19 Pandemic",81958106.8606317,"GUY"
"Hong Kong SAR, China","HKG","East Asia & Pacific","High income",NA,NA,"Hong Kong SAR China","HKG",NA,NA,NA,NA
"Honduras","HND","Latin America & Caribbean","Lower middle income","IDA","HIPC","Honduras","HND","Honduras","2014-2022 Poliovirus",4684828.34999999,"HND"
"Honduras","HND","Latin America & Caribbean","Lower middle income","IDA","HIPC","Honduras","HND","Honduras","2019-2022 COVID-19 Pandemic",105516809.509204,"HND"
"Croatia","HRV","Europe & Central Asia","High income","IBRD",NA,"Croatia","HRV","Croatia","2019-2022 COVID-19 Pandemic",121,"HRV"
"Haiti","HTI","Latin America & Caribbean","Lower middle income","IDA","HIPC","Haiti","HTI","Haiti","2014-2016 Ebola in West Africa",500014,"HTI"
"Haiti","HTI","Latin America & Caribbean","Lower middle income","IDA","HIPC","Haiti","HTI","Haiti","2014-2022 Poliovirus",5618219.64,"HTI"
"Haiti","HTI","Latin America & Caribbean","Lower middle income","IDA","HIPC","Haiti","HTI","Haiti","2015-2016 Zika Virus",840362,"HTI"
"Haiti","HTI","Latin America & Caribbean","Lower middle income","IDA","HIPC","Haiti","HTI","Haiti","2019-2022 COVID-19 Pandemic",128119042.279259,"HTI"
"Hungary","HUN","Europe & Central Asia","High income",NA,NA,"Hungary","HUN","Hungary","2019-2022 COVID-19 Pandemic",17,"HUN"
"Indonesia","IDN","East Asia & Pacific","Lower middle income","IBRD",NA,"Indonesia","IDN","Indonesia","2014-2022 Poliovirus",50069736.9872783,"IDN"
"Indonesia","IDN","East Asia & Pacific","Lower middle income","IBRD",NA,"Indonesia","IDN","Indonesia","2015-2016 Zika Virus",2938465.79921397,"IDN"
"Indonesia","IDN","East Asia & Pacific","Lower middle income","IBRD",NA,"Indonesia","IDN","Indonesia","2019-2022 COVID-19 Pandemic",3460269103.77099,"IDN"
"Isle of Man","IMN","Europe & Central Asia","High income",NA,NA,"Isle of Man","IMN",NA,NA,NA,NA
"India","IND","South Asia","Lower middle income","IBRD",NA,"India","IND","India","2014-2022 Poliovirus",244337146.841983,"IND"
"India","IND","South Asia","Lower middle income","IBRD",NA,"India","IND","India","2019-2022 COVID-19 Pandemic",3124627952.29399,"IND"
"Ireland","IRL","Europe & Central Asia","High income",NA,"EMU","Ireland","IRL","Ireland","2019-2022 COVID-19 Pandemic",25,"IRL"
"Iran, Islamic Rep.","IRN","Middle East & North Africa","Lower middle income","IBRD",NA,"Iran","IRN","Iran","2014-2022 Poliovirus",1180661.76470588,"IRN"
"Iran, Islamic Rep.","IRN","Middle East & North Africa","Lower middle income","IBRD",NA,"Iran","IRN","Iran","2019-2022 COVID-19 Pandemic",184111058.883398,"IRN"
"Iraq","IRQ","Middle East & North Africa","Upper middle income","IBRD",NA,"Iraq","IRQ","Iraq","2014-2022 Poliovirus",17767115.4272536,"IRQ"
"Iraq","IRQ","Middle East & North Africa","Upper middle income","IBRD",NA,"Iraq","IRQ","Iraq","2019-2022 COVID-19 Pandemic",186512944.519662,"IRQ"
"Iceland","ISL","Europe & Central Asia","High income",NA,NA,"Iceland","ISL",NA,NA,NA,NA
"Israel","ISR","Middle East & North Africa","High income",NA,NA,"Israel","ISR","Israel","2019-2022 COVID-19 Pandemic",4157,"ISR"
"Italy","ITA","Europe & Central Asia","High income",NA,"EMU","Italy","ITA","Italy","2019-2022 COVID-19 Pandemic",3580595.00965669,"ITA"
"Jamaica","JAM","Latin America & Caribbean","Upper middle income","IBRD",NA,"Jamaica","JAM","Jamaica","2019-2022 COVID-19 Pandemic",93734416.7116118,"JAM"
"Jordan","JOR","Middle East & North Africa","Upper middle income","IBRD",NA,"Jordan","JOR","Jordan","2014-2022 Poliovirus",137898.86,"JOR"
"Jordan","JOR","Middle East & North Africa","Upper middle income","IBRD",NA,"Jordan","JOR","Jordan","2019-2022 COVID-19 Pandemic",237099187.486713,"JOR"
"Japan","JPN","East Asia & Pacific","High income",NA,NA,"Japan","JPN","Japan","2019-2022 COVID-19 Pandemic",6530,"JPN"
"Kazakhstan","KAZ","Europe & Central Asia","Upper middle income","IBRD",NA,"Kazakhstan","KAZ","Kazakhstan","2019-2022 COVID-19 Pandemic",1119415961.9044,"KAZ"
"Kenya","KEN","Sub-Saharan Africa","Lower middle income","Blend",NA,"Kenya","KEN","Kenya","2014-2022 Poliovirus",26755757.8612729,"KEN"
"Kenya","KEN","Sub-Saharan Africa","Lower middle income","Blend",NA,"Kenya","KEN","Kenya","2019-2022 COVID-19 Pandemic",625131523.334125,"KEN"
"Kyrgyz Republic","KGZ","Europe & Central Asia","Lower middle income","IDA",NA,"Kyrgyzstan","KGZ","Kyrgyzstan","2014-2022 Poliovirus",3355864.06,"KGZ"
"Kyrgyz Republic","KGZ","Europe & Central Asia","Lower middle income","IDA",NA,"Kyrgyzstan","KGZ","Kyrgyzstan","2019-2022 COVID-19 Pandemic",94467208.8632991,"KGZ"
"Cambodia","KHM","East Asia & Pacific","Lower middle income","IDA",NA,"Cambodia","KHM","Cambodia","2014-2022 Poliovirus",7405211.49,"KHM"
"Cambodia","KHM","East Asia & Pacific","Lower middle income","IDA",NA,"Cambodia","KHM","Cambodia","2019-2022 COVID-19 Pandemic",334347324.745718,"KHM"
"Kiribati","KIR","East Asia & Pacific","Lower middle income","IDA",NA,"Kiribati","KIR","Kiribati","2014-2022 Poliovirus",192386.31,"KIR"
"Kiribati","KIR","East Asia & Pacific","Lower middle income","IDA",NA,"Kiribati","KIR","Kiribati","2019-2022 COVID-19 Pandemic",14482084.8137781,"KIR"
"St. Kitts and Nevis","KNA","Latin America & Caribbean","High income","IBRD",NA,"St. Kitts & Nevis","KNA",NA,NA,NA,NA
"Korea, Rep.","KOR","East Asia & Pacific","High income",NA,NA,"South Korea","KOR","Republic of Korea","2019-2022 COVID-19 Pandemic",15600,"KOR"
"Kuwait","KWT","Middle East & North Africa","High income",NA,NA,"Kuwait","KWT","Kuwait","2019-2022 COVID-19 Pandemic",267300,"KWT"
"Lao PDR","LAO","East Asia & Pacific","Lower middle income","IDA",NA,"Laos","LAO","Lao People's Democratic Republic","2014-2022 Poliovirus",4038037.98727835,"LAO"
"Lao PDR","LAO","East Asia & Pacific","Lower middle income","IDA",NA,"Laos","LAO","Lao People's Democratic Republic","2019-2022 COVID-19 Pandemic",75065532.6609308,"LAO"
"Lebanon","LBN","Middle East & North Africa","Lower middle income","IBRD",NA,"Lebanon","LBN","Lebanon","2019-2022 COVID-19 Pandemic",119881801.373093,"LBN"
"Liberia","LBR","Sub-Saharan Africa","Low income","IDA","HIPC","Liberia","LBR","Liberia","2014-2016 Ebola in West Africa",615289868.527038,"LBR"
"Liberia","LBR","Sub-Saharan Africa","Low income","IDA","HIPC","Liberia","LBR","Liberia","2014-2022 Poliovirus",6419401.23,"LBR"
"Liberia","LBR","Sub-Saharan Africa","Low income","IDA","HIPC","Liberia","LBR","Liberia","2019-2022 COVID-19 Pandemic",95721364.4828425,"LBR"
"Libya","LBY","Middle East & North Africa","Upper middle income","IBRD",NA,"Libya","LBY","Libya","2014-2022 Poliovirus",569217.1344015,"LBY"
"Libya","LBY","Middle East & North Africa","Upper middle income","IBRD",NA,"Libya","LBY","Libya","2019-2022 COVID-19 Pandemic",32533482.0986869,"LBY"
"St. Lucia","LCA","Latin America & Caribbean","Upper middle income","Blend",NA,"St. Lucia","LCA","Saint Lucia","2019-2022 COVID-19 Pandemic",31249470.78,"LCA"
"Liechtenstein","LIE","Europe & Central Asia","High income",NA,NA,"Liechtenstein","LIE",NA,NA,NA,NA
"Sri Lanka","LKA","South Asia","Lower middle income","IDA",NA,"Sri Lanka","LKA","Sri Lanka","2014-2022 Poliovirus",3307626.56,"LKA"
"Sri Lanka","LKA","South Asia","Lower middle income","IDA",NA,"Sri Lanka","LKA","Sri Lanka","2019-2022 COVID-19 Pandemic",400381350.540041,"LKA"
"Lesotho","LSO","Sub-Saharan Africa","Lower middle income","IDA",NA,"Lesotho","LSO","Lesotho","2014-2022 Poliovirus",948101.59,"LSO"
"Lesotho","LSO","Sub-Saharan Africa","Lower middle income","IDA",NA,"Lesotho","LSO","Lesotho","2019-2022 COVID-19 Pandemic",35912301.8205895,"LSO"
"Lithuania","LTU","Europe & Central Asia","High income",NA,"EMU","Lithuania","LTU","Lithuania","2015-2016 Zika Virus",22818.92,"LTU"
"Lithuania","LTU","Europe & Central Asia","High income",NA,"EMU","Lithuania","LTU","Lithuania","2019-2022 COVID-19 Pandemic",2938301.58,"LTU"
"Luxembourg","LUX","Europe & Central Asia","High income",NA,"EMU","Luxembourg","LUX",NA,NA,NA,NA
"Latvia","LVA","Europe & Central Asia","High income",NA,"EMU","Latvia","LVA",NA,NA,NA,NA
"Macao SAR, China","MAC","East Asia & Pacific","High income",NA,NA,"Macao SAR China","MAC",NA,NA,NA,NA
"St. Martin (French part)","MAF","Latin America & Caribbean","High income",NA,NA,"Saint Martin (French part)","MAF",NA,NA,NA,NA
"Morocco","MAR","Middle East & North Africa","Lower middle income","IBRD",NA,"Morocco","MAR","Morocco","2014-2022 Poliovirus",121223.11,"MAR"
"Morocco","MAR","Middle East & North Africa","Lower middle income","IBRD",NA,"Morocco","MAR","Morocco","2019-2022 COVID-19 Pandemic",600464407.948989,"MAR"
"Monaco","MCO","Europe & Central Asia","High income",NA,NA,"Monaco","MCO",NA,NA,NA,NA
"Moldova","MDA","Europe & Central Asia","Upper middle income","IBRD",NA,"Moldova","MDA","Republic of Moldova","2014-2022 Poliovirus",908234.16,"MDA"
"Moldova","MDA","Europe & Central Asia","Upper middle income","IBRD",NA,"Moldova","MDA","Republic of Moldova","2019-2022 COVID-19 Pandemic",61247555.8038377,"MDA"
"Madagascar","MDG","Sub-Saharan Africa","Low income","IDA","HIPC","Madagascar","MDG","Madagascar","2014-2022 Poliovirus",21184705.81,"MDG"
"Madagascar","MDG","Sub-Saharan Africa","Low income","IDA","HIPC","Madagascar","MDG","Madagascar","2019-2022 COVID-19 Pandemic",149490159.448546,"MDG"
"Maldives","MDV","South Asia","Upper middle income","IDA",NA,"Maldives","MDV","Maldives","2019-2022 COVID-19 Pandemic",64800903.1077828,"MDV"
"Mexico","MEX","Latin America & Caribbean","Upper middle income","IBRD",NA,"Mexico","MEX","Mexico","2014-2022 Poliovirus",1196594.86470588,"MEX"
"Mexico","MEX","Latin America & Caribbean","Upper middle income","IBRD",NA,"Mexico","MEX","Mexico","2019-2022 COVID-19 Pandemic",10097782.7937797,"MEX"
"Marshall Islands","MHL","East Asia & Pacific","Upper middle income","IDA",NA,"Marshall Islands","MHL","Marshall Islands","2019-2022 COVID-19 Pandemic",11674955.0538014,"MHL"
"North Macedonia","MKD","Europe & Central Asia","Upper middle income","IBRD",NA,"North Macedonia","MKD","North Macedonia","2019-2022 COVID-19 Pandemic",94383026.9017505,"MKD"
"Mali","MLI","Sub-Saharan Africa","Low income","IDA","HIPC","Mali","MLI","Mali","2014-2016 Ebola in West Africa",8461577.54349426,"MLI"
"Mali","MLI","Sub-Saharan Africa","Low income","IDA","HIPC","Mali","MLI","Mali","2014-2022 Poliovirus",18950457.2599999,"MLI"
"Mali","MLI","Sub-Saharan Africa","Low income","IDA","HIPC","Mali","MLI","Mali","2019-2022 COVID-19 Pandemic",186483307.980002,"MLI"
"Malta","MLT","Middle East & North Africa","High income",NA,"EMU","Malta","MLT",NA,NA,NA,NA
"Myanmar","MMR","East Asia & Pacific","Lower middle income","IDA",NA,"Myanmar (Burma)","MMR","Myanmar","2014-2022 Poliovirus",21036889.6872783,"MMR"
"Myanmar","MMR","East Asia & Pacific","Lower middle income","IDA",NA,"Myanmar (Burma)","MMR","Myanmar","2019-2022 COVID-19 Pandemic",130809615.90628,"MMR"
"Montenegro","MNE","Europe & Central Asia","Upper middle income","IBRD",NA,"Montenegro","MNE","Montenegro","2019-2022 COVID-19 Pandemic",57345323.0194465,"MNE"
"Mongolia","MNG","East Asia & Pacific","Lower middle income","IBRD",NA,"Mongolia","MNG","Mongolia","2014-2022 Poliovirus",1993656.56999999,"MNG"
"Mongolia","MNG","East Asia & Pacific","Lower middle income","IBRD",NA,"Mongolia","MNG","Mongolia","2019-2022 COVID-19 Pandemic",309046087.674277,"MNG"
"Northern Mariana Islands","MNP","East Asia & Pacific","High income",NA,NA,"Northern Mariana Islands","MNP",NA,NA,NA,NA
"Mozambique","MOZ","Sub-Saharan Africa","Low income","IDA","HIPC","Mozambique","MOZ","Mozambique","2014-2022 Poliovirus",16171488.8,"MOZ"
"Mozambique","MOZ","Sub-Saharan Africa","Low income","IDA","HIPC","Mozambique","MOZ","Mozambique","2019-2022 COVID-19 Pandemic",415401197.215989,"MOZ"
"Mauritania","MRT","Sub-Saharan Africa","Lower middle income","IDA","HIPC","Mauritania","MRT","Mauritania","2014-2016 Ebola in West Africa",642558.082327145,"MRT"
"Mauritania","MRT","Sub-Saharan Africa","Lower middle income","IDA","HIPC","Mauritania","MRT","Mauritania","2014-2022 Poliovirus",2818626.51,"MRT"
"Mauritania","MRT","Sub-Saharan Africa","Lower middle income","IDA","HIPC","Mauritania","MRT","Mauritania","2019-2022 COVID-19 Pandemic",92030203.0386574,"MRT"
"Mauritius","MUS","Sub-Saharan Africa","Upper middle income","IBRD",NA,"Mauritius","MUS","Mauritius","2014-2022 Poliovirus",2223.99999999999,"MUS"
"Mauritius","MUS","Sub-Saharan Africa","Upper middle income","IBRD",NA,"Mauritius","MUS","Mauritius","2019-2022 COVID-19 Pandemic",587322058.127948,"MUS"
"Malawi","MWI","Sub-Saharan Africa","Low income","IDA","HIPC","Malawi","MWI","Malawi","2014-2022 Poliovirus",13387965.2999999,"MWI"
"Malawi","MWI","Sub-Saharan Africa","Low income","IDA","HIPC","Malawi","MWI","Malawi","2018-2020 Ebola in DRC",4353406.46979724,"MWI"
"Malawi","MWI","Sub-Saharan Africa","Low income","IDA","HIPC","Malawi","MWI","Malawi","2019-2022 COVID-19 Pandemic",147570829.960961,"MWI"
"Malaysia","MYS","East Asia & Pacific","Upper middle income","IBRD",NA,"Malaysia","MYS","Malaysia","2014-2022 Poliovirus",136985.49,"MYS"
"Malaysia","MYS","East Asia & Pacific","Upper middle income","IBRD",NA,"Malaysia","MYS","Malaysia","2019-2022 COVID-19 Pandemic",6368800.25723202,"MYS"
"Namibia","NAM","Sub-Saharan Africa","Upper middle income","IBRD",NA,"Namibia","NAM","Namibia","2014-2022 Poliovirus",493721.819999999,"NAM"
"Namibia","NAM","Sub-Saharan Africa","Upper middle income","IBRD",NA,"Namibia","NAM","Namibia","2019-2022 COVID-19 Pandemic",9860477.33961286,"NAM"
"New Caledonia","NCL","East Asia & Pacific","High income",NA,NA,"New Caledonia","NCL",NA,NA,NA,NA
"Niger","NER","Sub-Saharan Africa","Low income","IDA","HIPC","Niger","NER","Niger","2014-2022 Poliovirus",26409049.73,"NER"
"Niger","NER","Sub-Saharan Africa","Low income","IDA","HIPC","Niger","NER","Niger","2019-2022 COVID-19 Pandemic",226904422.542626,"NER"
"Nigeria","NGA","Sub-Saharan Africa","Lower middle income","Blend",NA,"Nigeria","NGA","Nigeria","2014-2016 Ebola in West Africa",3046858.95630552,"NGA"
"Nigeria","NGA","Sub-Saharan Africa","Lower middle income","Blend",NA,"Nigeria","NGA","Nigeria","2014-2022 Poliovirus",1320424402.71135,"NGA"
"Nigeria","NGA","Sub-Saharan Africa","Lower middle income","Blend",NA,"Nigeria","NGA","Nigeria","2019-2022 COVID-19 Pandemic",1153583688.27123,"NGA"
"Nicaragua","NIC","Latin America & Caribbean","Lower middle income","IDA","HIPC","Nicaragua","NIC","Nicaragua","2014-2022 Poliovirus",3935780.51,"NIC"
"Nicaragua","NIC","Latin America & Caribbean","Lower middle income","IDA","HIPC","Nicaragua","NIC","Nicaragua","2019-2022 COVID-19 Pandemic",90290539.74131,"NIC"
"Netherlands","NLD","Europe & Central Asia","High income",NA,"EMU","Netherlands","NLD","Netherlands","2019-2022 COVID-19 Pandemic",6666021.41673107,"NLD"
"Norway","NOR","Europe & Central Asia","High income",NA,NA,"Norway","NOR",NA,NA,NA,NA
"Nepal","NPL","South Asia","Lower middle income","IDA",NA,"Nepal","NPL","Nepal","2014-2022 Poliovirus",13235626.03,"NPL"
"Nepal","NPL","South Asia","Lower middle income","IDA",NA,"Nepal","NPL","Nepal","2019-2022 COVID-19 Pandemic",548597676.818848,"NPL"
"Nauru","NRU","East Asia & Pacific","High income","IBRD",NA,"Nauru","NRU","Nauru","2019-2022 COVID-19 Pandemic",1354389.25648139,"NRU"
"New Zealand","NZL","East Asia & Pacific","High income",NA,NA,"New Zealand","NZL","New Zealand","2019-2022 COVID-19 Pandemic",3189638.17442774,"NZL"
"Oman","OMN","Middle East & North Africa","High income",NA,NA,"Oman","OMN",NA,NA,NA,NA
"Pakistan","PAK","South Asia","Lower middle income","Blend",NA,"Pakistan","PAK","Pakistan","2014-2022 Poliovirus",1288886461.81498,"PAK"
"Pakistan","PAK","South Asia","Lower middle income","Blend",NA,"Pakistan","PAK","Pakistan","2019-2022 COVID-19 Pandemic",1713312183.86736,"PAK"
"Panama","PAN","Latin America & Caribbean","High income","IBRD",NA,"Panama","PAN","Panama","2019-2022 COVID-19 Pandemic",22073586.1306369,"PAN"
"Peru","PER","Latin America & Caribbean","Upper middle income","IBRD",NA,"Peru","PER","Peru","2019-2022 COVID-19 Pandemic",26276891.8953948,"PER"
"Philippines","PHL","East Asia & Pacific","Lower middle income","IBRD",NA,"Philippines","PHL","Philippines","2014-2016 Ebola in West Africa",101799.09,"PHL"
"Philippines","PHL","East Asia & Pacific","Lower middle income","IBRD",NA,"Philippines","PHL","Philippines","2014-2022 Poliovirus",3181445.55727834,"PHL"
"Philippines","PHL","East Asia & Pacific","Lower middle income","IBRD",NA,"Philippines","PHL","Philippines","2019-2022 COVID-19 Pandemic",3400957369.91403,"PHL"
"Palau","PLW","East Asia & Pacific","Upper middle income","IBRD",NA,"Palau","PLW","Palau","2019-2022 COVID-19 Pandemic",36286962.0311893,"PLW"
"Papua New Guinea","PNG","East Asia & Pacific","Lower middle income","Blend",NA,"Papua New Guinea","PNG","Papua New Guinea","2014-2022 Poliovirus",7332715.04279926,"PNG"
"Papua New Guinea","PNG","East Asia & Pacific","Lower middle income","Blend",NA,"Papua New Guinea","PNG","Papua New Guinea","2019-2022 COVID-19 Pandemic",308118843.750424,"PNG"
"Poland","POL","Europe & Central Asia","High income","IBRD",NA,"Poland","POL",NA,NA,NA,NA
"Puerto Rico","PRI","Latin America & Caribbean","High income",NA,NA,"Puerto Rico","PRI",NA,NA,NA,NA
"Korea, Dem. People's Rep.","PRK","East Asia & Pacific","Low income",NA,NA,"North Korea","PRK","Democratic People's Republic of Korea","2014-2022 Poliovirus",6248337.85,"PRK"
"Korea, Dem. People's Rep.","PRK","East Asia & Pacific","Low income",NA,NA,"North Korea","PRK","Democratic People's Republic of Korea","2019-2022 COVID-19 Pandemic",2875709.10148056,"PRK"
"Portugal","PRT","Europe & Central Asia","High income",NA,"EMU","Portugal","PRT",NA,NA,NA,NA
"Paraguay","PRY","Latin America & Caribbean","Upper middle income","IBRD",NA,"Paraguay","PRY","Paraguay","2014-2022 Poliovirus",52522.4,"PRY"
"Paraguay","PRY","Latin America & Caribbean","Upper middle income","IBRD",NA,"Paraguay","PRY","Paraguay","2019-2022 COVID-19 Pandemic",33765492.2140692,"PRY"
"West Bank and Gaza","PSE","Middle East & North Africa","Lower middle income",NA,NA,"Palestinian Territories","PSE","Palestine","2019-2022 COVID-19 Pandemic",183444773.444003,"PSE"
"French Polynesia","PYF","East Asia & Pacific","High income",NA,NA,"French Polynesia","PYF",NA,NA,NA,NA
"Qatar","QAT","Middle East & North Africa","High income",NA,NA,"Qatar","QAT",NA,NA,NA,NA
"Romania","ROU","Europe & Central Asia","High income","IBRD",NA,"Romania","ROU","Romania","2019-2022 COVID-19 Pandemic",356060,"ROU"
"Russian Federation","RUS","Europe & Central Asia","Upper middle income","IBRD",NA,"Russia","RUS","Russian Federation","2019-2022 COVID-19 Pandemic",962289.229549398,"RUS"
"Rwanda","RWA","Sub-Saharan Africa","Low income","IDA","HIPC","Rwanda","RWA","Rwanda","2014-2022 Poliovirus",7629440.04999999,"RWA"
"Rwanda","RWA","Sub-Saharan Africa","Low income","IDA","HIPC","Rwanda","RWA","Rwanda","2018-2020 Ebola in DRC",4319559.46777231,"RWA"
"Rwanda","RWA","Sub-Saharan Africa","Low income","IDA","HIPC","Rwanda","RWA","Rwanda","2019-2022 COVID-19 Pandemic",294945822.069156,"RWA"
"Saudi Arabia","SAU","Middle East & North Africa","High income",NA,NA,"Saudi Arabia","SAU","Saudi Arabia","2019-2022 COVID-19 Pandemic",1896.54621002439,"SAU"
"Sudan","SDN","Sub-Saharan Africa","Low income","IDA","HIPC","Sudan","SDN","Sudan","2014-2016 Ebola in West Africa",3800000,"SDN"
"Sudan","SDN","Sub-Saharan Africa","Low income","IDA","HIPC","Sudan","SDN","Sudan","2014-2022 Poliovirus",39961746.958,"SDN"
"Sudan","SDN","Sub-Saharan Africa","Low income","IDA","HIPC","Sudan","SDN","Sudan","2019-2022 COVID-19 Pandemic",229713512.051065,"SDN"
"Senegal","SEN","Sub-Saharan Africa","Lower middle income","IDA","HIPC","Senegal","SEN","Senegal","2014-2016 Ebola in West Africa",2788837.28940993,"SEN"
"Senegal","SEN","Sub-Saharan Africa","Lower middle income","IDA","HIPC","Senegal","SEN","Senegal","2014-2022 Poliovirus",14373097.0999999,"SEN"
"Senegal","SEN","Sub-Saharan Africa","Lower middle income","IDA","HIPC","Senegal","SEN","Senegal","2019-2022 COVID-19 Pandemic",111866515.93675,"SEN"
"Singapore","SGP","East Asia & Pacific","High income",NA,NA,"Singapore","SGP","Singapore","2019-2022 COVID-19 Pandemic",13376,"SGP"
"Solomon Islands","SLB","East Asia & Pacific","Lower middle income","IDA",NA,"Solomon Islands","SLB","Solomon Islands","2014-2022 Poliovirus",518644.29,"SLB"
"Solomon Islands","SLB","East Asia & Pacific","Lower middle income","IDA",NA,"Solomon Islands","SLB","Solomon Islands","2019-2022 COVID-19 Pandemic",50714175.0636901,"SLB"
"Sierra Leone","SLE","Sub-Saharan Africa","Low income","IDA","HIPC","Sierra Leone","SLE","Sierra Leone","2014-2016 Ebola in West Africa",540539329.673767,"SLE"
"Sierra Leone","SLE","Sub-Saharan Africa","Low income","IDA","HIPC","Sierra Leone","SLE","Sierra Leone","2014-2022 Poliovirus",8011299.75381692,"SLE"
"Sierra Leone","SLE","Sub-Saharan Africa","Low income","IDA","HIPC","Sierra Leone","SLE","Sierra Leone","2019-2022 COVID-19 Pandemic",74548537.4860285,"SLE"
"El Salvador","SLV","Latin America & Caribbean","Lower middle income","IBRD",NA,"El Salvador","SLV","El Salvador","2014-2022 Poliovirus",89718.3,"SLV"
"El Salvador","SLV","Latin America & Caribbean","Lower middle income","IBRD",NA,"El Salvador","SLV","El Salvador","2019-2022 COVID-19 Pandemic",101825498.360148,"SLV"
"San Marino","SMR","Europe & Central Asia","High income",NA,NA,"San Marino","SMR",NA,NA,NA,NA
"Somalia","SOM","Sub-Saharan Africa","Low income","IDA","HIPC","Somalia","SOM","Somalia","2014-2016 Ebola in West Africa",762010.159999999,"SOM"
"Somalia","SOM","Sub-Saharan Africa","Low income","IDA","HIPC","Somalia","SOM","Somalia","2014-2022 Poliovirus",52683482.4878493,"SOM"
"Somalia","SOM","Sub-Saharan Africa","Low income","IDA","HIPC","Somalia","SOM","Somalia","2019-2022 COVID-19 Pandemic",167910852.437829,"SOM"
"Serbia","SRB","Europe & Central Asia","Upper middle income","IBRD",NA,"Serbia","SRB","Serbia","2019-2022 COVID-19 Pandemic",75118487.2435467,"SRB"
"South Sudan","SSD","Sub-Saharan Africa","Low income","IDA",NA,"South Sudan","SSD","South Sudan","2014-2016 Ebola in West Africa",11624099.32,"SSD"
"South Sudan","SSD","Sub-Saharan Africa","Low income","IDA",NA,"South Sudan","SSD","South Sudan","2014-2022 Poliovirus",42885093.3865091,"SSD"
"South Sudan","SSD","Sub-Saharan Africa","Low income","IDA",NA,"South Sudan","SSD","South Sudan","2018-2020 Ebola in DRC",8916985.89382266,"SSD"
"South Sudan","SSD","Sub-Saharan Africa","Low income","IDA",NA,"South Sudan","SSD","South Sudan","2019-2022 COVID-19 Pandemic",391196681.149448,"SSD"
"São Tomé and Príncipe","STP","Sub-Saharan Africa","Lower middle income","IDA","HIPC","São Tomé & Príncipe","STP","Sao Tome and Principe","2014-2022 Poliovirus",237983.449999999,"STP"
"São Tomé and Príncipe","STP","Sub-Saharan Africa","Lower middle income","IDA","HIPC","São Tomé & Príncipe","STP","Sao Tome and Principe","2019-2022 COVID-19 Pandemic",21193379.7287148,"STP"
"Suriname","SUR","Latin America & Caribbean","Upper middle income","IBRD",NA,"Suriname","SUR","Suriname","2019-2022 COVID-19 Pandemic",6820543.97059731,"SUR"
"Slovak Republic","SVK","Europe & Central Asia","High income",NA,"EMU","Slovakia","SVK",NA,NA,NA,NA
"Slovenia","SVN","Europe & Central Asia","High income",NA,"EMU","Slovenia","SVN",NA,NA,NA,NA
"Sweden","SWE","Europe & Central Asia","High income",NA,NA,"Sweden","SWE","Sweden","2019-2022 COVID-19 Pandemic",479998.221451798,"SWE"
"Eswatini","SWZ","Sub-Saharan Africa","Lower middle income","IBRD",NA,"Eswatini","SWZ","Eswatini","2014-2022 Poliovirus",397084.029999999,"SWZ"
"Eswatini","SWZ","Sub-Saharan Africa","Lower middle income","IBRD",NA,"Eswatini","SWZ","Eswatini","2019-2022 COVID-19 Pandemic",18708751.0843126,"SWZ"
"Sint Maarten (Dutch part)","SXM","Latin America & Caribbean","High income",NA,NA,"Sint Maarten","SXM","Sint Maarten","2019-2022 COVID-19 Pandemic",7277145.92833784,"SXM"
"Seychelles","SYC","Sub-Saharan Africa","High income","IBRD",NA,"Seychelles","SYC","Seychelles","2014-2022 Poliovirus",5584.53,"SYC"
"Seychelles","SYC","Sub-Saharan Africa","High income","IBRD",NA,"Seychelles","SYC","Seychelles","2019-2022 COVID-19 Pandemic",13294579.4488596,"SYC"
"Syrian Arab Republic","SYR","Middle East & North Africa","Low income","IDA",NA,"Syria","SYR","Syrian Arab Republic","2014-2022 Poliovirus",11310772.5682352,"SYR"
"Syrian Arab Republic","SYR","Middle East & North Africa","Low income","IDA",NA,"Syria","SYR","Syrian Arab Republic","2019-2022 COVID-19 Pandemic",206407890.116585,"SYR"
"Turks and Caicos Islands","TCA","Latin America & Caribbean","High income",NA,NA,"Turks & Caicos Islands","TCA",NA,NA,NA,NA
"Chad","TCD","Sub-Saharan Africa","Low income","IDA","HIPC","Chad","TCD","Chad","2014-2016 Ebola in West Africa",5e+05,"TCD"
"Chad","TCD","Sub-Saharan Africa","Low income","IDA","HIPC","Chad","TCD","Chad","2014-2022 Poliovirus",47122287.43,"TCD"
"Chad","TCD","Sub-Saharan Africa","Low income","IDA","HIPC","Chad","TCD","Chad","2019-2022 COVID-19 Pandemic",165538335.371962,"TCD"
"Togo","TGO","Sub-Saharan Africa","Low income","IDA","HIPC","Togo","TGO","Togo","2014-2016 Ebola in West Africa",820000,"TGO"
"Togo","TGO","Sub-Saharan Africa","Low income","IDA","HIPC","Togo","TGO","Togo","2014-2022 Poliovirus",9494523.18,"TGO"
"Togo","TGO","Sub-Saharan Africa","Low income","IDA","HIPC","Togo","TGO","Togo","2019-2022 COVID-19 Pandemic",112295179.557608,"TGO"
"Thailand","THA","East Asia & Pacific","Upper middle income","IBRD",NA,"Thailand","THA","Thailand","2019-2022 COVID-19 Pandemic",1518886480.08352,"THA"
"Tajikistan","TJK","Europe & Central Asia","Lower middle income","IDA",NA,"Tajikistan","TJK","Tajikistan","2014-2022 Poliovirus",14052593.7967963,"TJK"
"Tajikistan","TJK","Europe & Central Asia","Lower middle income","IDA",NA,"Tajikistan","TJK","Tajikistan","2019-2022 COVID-19 Pandemic",74445864.9937911,"TJK"
"Turkmenistan","TKM","Europe & Central Asia","Upper middle income","IBRD",NA,"Turkmenistan","TKM","Turkmenistan","2014-2022 Poliovirus",6972,"TKM"
"Turkmenistan","TKM","Europe & Central Asia","Upper middle income","IBRD",NA,"Turkmenistan","TKM","Turkmenistan","2019-2022 COVID-19 Pandemic",18933540,"TKM"
"Timor-Leste","TLS","East Asia & Pacific","Lower middle income","Blend",NA,"Timor-Leste","TLS","Timor-Leste","2014-2022 Poliovirus",860236.1,"TLS"
"Timor-Leste","TLS","East Asia & Pacific","Lower middle income","Blend",NA,"Timor-Leste","TLS","Timor-Leste","2019-2022 COVID-19 Pandemic",31679044.1717154,"TLS"
"Tonga","TON","East Asia & Pacific","Upper middle income","IDA",NA,"Tonga","TON","Tonga","2015-2016 Zika Virus",100309.565395921,"TON"
"Tonga","TON","East Asia & Pacific","Upper middle income","IDA",NA,"Tonga","TON","Tonga","2019-2022 COVID-19 Pandemic",31641935.7656499,"TON"
"Trinidad and Tobago","TTO","Latin America & Caribbean","High income","IBRD",NA,"Trinidad & Tobago","TTO","Trinidad and Tobago","2019-2022 COVID-19 Pandemic",242251.971183404,"TTO"
"Tunisia","TUN","Middle East & North Africa","Lower middle income","IBRD",NA,"Tunisia","TUN","Tunisia","2019-2022 COVID-19 Pandemic",165635199.353325,"TUN"
"Türkiye","TUR","Europe & Central Asia","Upper middle income","IBRD",NA,"Turkey","TUR","Turkey","2014-2022 Poliovirus",1523112.45,"TUR"
"Türkiye","TUR","Europe & Central Asia","Upper middle income","IBRD",NA,"Turkey","TUR","Turkey","2019-2022 COVID-19 Pandemic",163271692.541556,"TUR"
"Tuvalu","TUV","East Asia & Pacific","Upper middle income","IDA",NA,"Tuvalu","TUV","Tuvalu","2019-2022 COVID-19 Pandemic",6380628.02878441,"TUV"
"Taiwan, China","TWN","East Asia & Pacific","High income",NA,NA,"Taiwan","TWN","Taiwan","2019-2022 COVID-19 Pandemic",6612,"TWN"
"Tanzania","TZA","Sub-Saharan Africa","Lower middle income","IDA","HIPC","Tanzania","TZA","United Republic of Tanzania","2014-2016 Ebola in West Africa",36861.9541814384,"TZA"
"Tanzania","TZA","Sub-Saharan Africa","Lower middle income","IDA","HIPC","Tanzania","TZA","United Republic of Tanzania","2014-2022 Poliovirus",33876552.62,"TZA"
"Tanzania","TZA","Sub-Saharan Africa","Lower middle income","IDA","HIPC","Tanzania","TZA","United Republic of Tanzania","2018-2020 Ebola in DRC",5e+05,"TZA"
"Tanzania","TZA","Sub-Saharan Africa","Lower middle income","IDA","HIPC","Tanzania","TZA","United Republic of Tanzania","2019-2022 COVID-19 Pandemic",186186321.51079,"TZA"
"Uganda","UGA","Sub-Saharan Africa","Low income","IDA","HIPC","Uganda","UGA","Uganda","2014-2016 Ebola in West Africa",742072.738231527,"UGA"
"Uganda","UGA","Sub-Saharan Africa","Low income","IDA","HIPC","Uganda","UGA","Uganda","2014-2022 Poliovirus",28340078.1829403,"UGA"
"Uganda","UGA","Sub-Saharan Africa","Low income","IDA","HIPC","Uganda","UGA","Uganda","2018-2020 Ebola in DRC",7202864.30388712,"UGA"
"Uganda","UGA","Sub-Saharan Africa","Low income","IDA","HIPC","Uganda","UGA","Uganda","2019-2022 COVID-19 Pandemic",460697466.254248,"UGA"
"Ukraine","UKR","Europe & Central Asia","Lower middle income","IBRD",NA,"Ukraine","UKR","Ukraine","2014-2016 Ebola in West Africa",101799.09,"UKR"
"Ukraine","UKR","Europe & Central Asia","Lower middle income","IBRD",NA,"Ukraine","UKR","Ukraine","2014-2022 Poliovirus",3615422.82584047,"UKR"
"Ukraine","UKR","Europe & Central Asia","Lower middle income","IBRD",NA,"Ukraine","UKR","Ukraine","2019-2022 COVID-19 Pandemic",422680030.611165,"UKR"
"Uruguay","URY","Latin America & Caribbean","High income","IBRD",NA,"Uruguay","URY","Uruguay","2014-2022 Poliovirus",6846.9,"URY"
"Uruguay","URY","Latin America & Caribbean","High income","IBRD",NA,"Uruguay","URY","Uruguay","2019-2022 COVID-19 Pandemic",19346028,"URY"
"United States","USA","North America","High income",NA,NA,"United States","USA","United States of America","2019-2022 COVID-19 Pandemic",1440466,"USA"
"Uzbekistan","UZB","Europe & Central Asia","Lower middle income","Blend",NA,"Uzbekistan","UZB","Uzbekistan","2014-2022 Poliovirus",14539562.2099999,"UZB"
"Uzbekistan","UZB","Europe & Central Asia","Lower middle income","Blend",NA,"Uzbekistan","UZB","Uzbekistan","2019-2022 COVID-19 Pandemic",697186575.291558,"UZB"
"St. Vincent and the Grenadines","VCT","Latin America & Caribbean","Upper middle income","Blend",NA,"St. Vincent & Grenadines","VCT","Saint Vincent and the Grenadines","2019-2022 COVID-19 Pandemic",724751.16,"VCT"
"Venezuela, RB","VEN","Latin America & Caribbean",NA,"IBRD",NA,"Venezuela","VEN","Venezuela, Bolivarian Republic of","2014-2022 Poliovirus",9929.4,"VEN"
"Venezuela, RB","VEN","Latin America & Caribbean",NA,"IBRD",NA,"Venezuela","VEN","Venezuela, Bolivarian Republic of","2019-2022 COVID-19 Pandemic",57325485.0377443,"VEN"
"British Virgin Islands","VGB","Latin America & Caribbean","High income",NA,NA,"British Virgin Islands","VGB",NA,NA,NA,NA
"Virgin Islands (U.S.)","VIR","Latin America & Caribbean","High income",NA,NA,"U.S. Virgin Islands","VIR",NA,NA,NA,NA
"Vietnam","VNM","East Asia & Pacific","Lower middle income","IBRD",NA,"Vietnam","VNM","Viet Nam","2014-2022 Poliovirus",28799221.2072783,"VNM"
"Vietnam","VNM","East Asia & Pacific","Lower middle income","IBRD",NA,"Vietnam","VNM","Viet Nam","2019-2022 COVID-19 Pandemic",473305363.792503,"VNM"
"Vanuatu","VUT","East Asia & Pacific","Lower middle income","IDA",NA,"Vanuatu","VUT","Vanuatu","2014-2022 Poliovirus",2191319.54456135,"VUT"
"Vanuatu","VUT","East Asia & Pacific","Lower middle income","IDA",NA,"Vanuatu","VUT","Vanuatu","2019-2022 COVID-19 Pandemic",25349791.2020912,"VUT"
"Samoa","WSM","East Asia & Pacific","Lower middle income","IDA",NA,"Samoa","WSM","Samoa","2019-2022 COVID-19 Pandemic",42250479.9185798,"WSM"
"Kosovo","XKX","Europe & Central Asia","Upper middle income","IDA",NA,"Kosovo","XKX","Kosovo","2019-2022 COVID-19 Pandemic",88949683.965636,"XKX"
"Yemen, Rep.","YEM","Middle East & North Africa","Low income","IDA",NA,"Yemen","YEM","Yemen","2014-2016 Ebola in West Africa",4256986.62,"YEM"
"Yemen, Rep.","YEM","Middle East & North Africa","Low income","IDA",NA,"Yemen","YEM","Yemen","2014-2022 Poliovirus",17194427.351,"YEM"
"Yemen, Rep.","YEM","Middle East & North Africa","Low income","IDA",NA,"Yemen","YEM","Yemen","2019-2022 COVID-19 Pandemic",213398821.81378,"YEM"
"South Africa","ZAF","Sub-Saharan Africa","Upper middle income","IBRD",NA,"South Africa","ZAF","South Africa","2014-2022 Poliovirus",1046139.58,"ZAF"
"South Africa","ZAF","Sub-Saharan Africa","Upper middle income","IBRD",NA,"South Africa","ZAF","South Africa","2019-2022 COVID-19 Pandemic",128962539.297748,"ZAF"
"Zambia","ZMB","Sub-Saharan Africa","Low income","IDA","HIPC","Zambia","ZMB","Zambia","2014-2016 Ebola in West Africa",70,"ZMB"
"Zambia","ZMB","Sub-Saharan Africa","Low income","IDA","HIPC","Zambia","ZMB","Zambia","2014-2022 Poliovirus",15355651.0199999,"ZMB"
"Zambia","ZMB","Sub-Saharan Africa","Low income","IDA","HIPC","Zambia","ZMB","Zambia","2019-2022 COVID-19 Pandemic",126779811.747535,"ZMB"
"Zimbabwe","ZWE","Sub-Saharan Africa","Lower middle income","Blend",NA,"Zimbabwe","ZWE","Zimbabwe","2014-2022 Poliovirus",11062241.8199999,"ZWE"
"Zimbabwe","ZWE","Sub-Saharan Africa","Lower middle income","Blend",NA,"Zimbabwe","ZWE","Zimbabwe","2019-2022 COVID-19 Pandemic",178530583.896564,"ZWE"
NA,NA,NA,NA,NA,NA,NA,"COK","Cook Islands","2019-2022 COVID-19 Pandemic",99097331.3706172,"COK"
NA,NA,NA,NA,NA,NA,NA,"NIU","Niue","2019-2022 COVID-19 Pandemic",14196181.7141713,"NIU"
NA,NA,NA,NA,NA,NA,NA,"SAH","Western Sahara","2019-2022 COVID-19 Pandemic",2684397.26228176,"SAH"
